Date,btc,bitcoin,btc usd,btcusd,cypto,cryptocurrency,eth,ethereum,blockchain
1/1/2016,63,60,38,38,0,18,48,8,39
1/2/2016,72,61,31,100,0,33,47,6,43
1/3/2016,68,65,49,0,0,38,51,4,38
1/4/2016,81,69,62,0,51,28,63,5,39
1/5/2016,88,68,45,44,0,19,65,7,48
1/6/2016,80,65,64,0,0,33,66,11,46
1/7/2016,87,78,85,59,52,24,74,11,55
1/8/2016,86,73,64,30,53,44,84,8,58
1/9/2016,66,67,51,34,0,37,46,7,45
1/10/2016,70,63,39,0,0,31,54,7,32
1/11/2016,78,67,67,55,49,54,65,14,43
1/12/2016,76,65,42,0,0,32,57,9,49
1/13/2016,69,69,54,43,0,46,52,11,62
1/14/2016,78,65,48,28,0,33,57,11,60
1/15/2016,88,100,100,60,53,63,67,13,61
1/16/2016,88,98,60,32,0,37,50,12,40
1/17/2016,74,80,44,66,0,47,49,7,31
1/18/2016,100,79,64,59,0,37,59,17,49
1/19/2016,81,78,86,0,0,74,73,16,66
1/20/2016,92,85,75,43,51,66,65,15,63
1/21/2016,73,80,73,0,0,52,66,19,63
1/22/2016,76,73,82,75,0,48,74,13,76
1/23/2016,78,64,73,64,0,58,51,21,52
1/24/2016,73,66,48,0,0,37,47,30,52
1/25/2016,77,69,62,28,0,74,70,40,64
1/26/2016,76,67,67,29,0,60,81,32,70
1/27/2016,72,65,53,28,0,60,59,23,69
1/28/2016,70,72,52,30,0,56,71,28,65
1/29/2016,75,65,59,58,0,58,60,23,61
1/30/2016,70,58,41,34,0,48,50,18,49
1/31/2016,57,64,39,33,57,42,45,20,50
2/1/2016,74,62,51,0,0,45,58,20,74
2/2/2016,69,62,57,29,0,37,61,11,63
2/3/2016,71,63,47,28,100,42,58,15,54
2/4/2016,70,64,44,30,51,76,62,15,62
2/5/2016,70,57,47,30,0,59,55,19,67
2/6/2016,71,64,59,33,0,54,35,17,48
2/7/2016,61,63,49,0,0,54,47,18,51
2/8/2016,65,60,42,0,0,42,67,34,75
2/9/2016,75,63,62,44,0,33,64,38,64
2/10/2016,66,65,38,87,0,74,71,48,70
2/11/2016,74,67,53,43,0,56,81,48,74
2/12/2016,67,63,61,29,0,43,74,57,53
2/13/2016,63,58,60,33,0,79,42,43,40
2/14/2016,65,67,49,0,0,88,44,35,40
2/15/2016,79,72,63,56,50,55,72,39,59
2/16/2016,63,70,41,29,49,54,69,35,81
2/17/2016,77,72,74,29,0,42,69,31,91
2/18/2016,75,82,60,43,50,18,63,28,94
2/19/2016,74,75,65,44,0,28,60,26,76
2/20/2016,81,71,70,48,0,68,52,25,37
2/21/2016,78,75,65,65,0,21,51,27,60
2/22/2016,78,69,67,0,0,41,100,36,92
2/23/2016,83,68,71,57,49,63,90,41,81
2/24/2016,77,65,59,0,49,50,92,35,70
2/25/2016,86,66,67,28,0,55,75,41,82
2/26/2016,83,64,60,0,0,53,71,46,61
2/27/2016,75,62,64,33,0,26,47,36,37
2/28/2016,72,59,51,0,0,92,50,34,58
2/29/2016,79,65,62,27,48,58,81,38,58
3/1/2016,79,69,64,54,48,49,85,45,79
3/2/2016,60,68,46,27,0,59,85,56,100
3/3/2016,77,69,75,43,50,69,87,88,84
3/4/2016,72,65,64,0,51,56,66,63,81
3/5/2016,82,67,63,0,0,69,76,73,57
3/6/2016,72,66,59,47,56,72,46,64,49
3/7/2016,77,68,56,0,0,55,76,70,69
3/8/2016,71,66,73,0,0,59,81,55,67
3/9/2016,71,66,51,0,0,87,83,58,80
3/10/2016,74,61,52,88,0,64,74,61,78
3/11/2016,71,60,53,0,0,33,94,51,71
3/12/2016,67,57,62,0,0,80,59,89,54
3/13/2016,72,58,49,31,0,31,63,87,43
3/14/2016,80,68,46,28,0,83,81,100,68
3/15/2016,83,66,47,0,49,100,79,80,64
3/16/2016,81,61,55,29,49,68,74,73,74
3/17/2016,79,60,52,0,0,37,75,69,70
3/18/2016,78,59,51,0,0,87,58,69,56
3/19/2016,73,50,60,33,57,48,49,54,46
3/20/2016,62,53,51,33,0,52,44,62,55
3/21/2016,87,61,64,0,51,51,70,62,79
3/22/2016,68,62,43,28,100,60,83,57,76
3/23/2016,77,59,44,0,0,61,72,55,72
3/24/2016,67,60,50,0,0,25,77,40,79
3/25/2016,71,61,44,32,56,88,53,54,65
3/26/2016,70,56,44,0,0,56,39,57,48
3/27/2016,64,61,38,0,0,72,44,41,43
3/28/2016,74,66,71,0,0,58,47,96,73
3/29/2016,78,65,72,0,0,68,67,70,84
3/30/2016,76,62,56,28,50,32,70,63,78
3/31/2016,78,65,59,0,50,46,66,61,84
4/1/2016,35,28,17,0,0,25,67,27,50
4/2/2016,26,28,19,0,75,28,44,18,34
4/3/2016,29,28,17,22,0,35,53,15,30
4/4/2016,33,28,17,0,0,44,73,21,68
4/5/2016,34,29,21,0,0,33,79,25,72
4/6/2016,36,29,15,19,32,41,72,21,66
4/7/2016,31,28,21,0,0,50,75,17,62
4/8/2016,35,28,17,21,35,38,79,22,65
4/9/2016,35,28,19,0,0,29,47,19,40
4/10/2016,31,28,22,0,38,31,46,24,45
4/11/2016,33,31,20,20,0,49,64,16,74
4/12/2016,34,30,21,0,31,46,57,22,61
4/13/2016,33,27,22,0,66,41,67,19,72
4/14/2016,43,28,19,20,0,28,70,17,63
4/15/2016,35,28,17,21,0,35,73,16,58
4/16/2016,34,26,14,0,37,16,44,15,43
4/17/2016,27,26,15,0,36,44,61,15,42
4/18/2016,37,28,16,0,0,33,77,18,64
4/19/2016,33,28,18,0,0,39,84,21,74
4/20/2016,34,30,18,20,33,25,65,20,75
4/21/2016,33,31,19,0,0,25,60,19,62
4/22/2016,37,32,21,0,0,52,60,19,60
4/23/2016,35,30,21,0,0,22,45,16,43
4/24/2016,33,34,24,22,0,28,51,16,48
4/25/2016,35,33,17,19,0,46,75,16,78
4/26/2016,38,34,27,19,33,40,75,17,77
4/27/2016,41,33,26,0,0,22,70,14,72
4/28/2016,42,37,26,20,33,22,68,17,68
4/29/2016,34,31,20,0,35,32,55,13,71
4/30/2016,36,30,23,0,0,26,49,20,48
5/1/2016,35,29,18,23,37,22,51,21,50
5/2/2016,42,100,29,100,0,36,70,22,100
5/3/2016,38,60,23,0,100,30,78,19,100
5/4/2016,40,43,19,0,0,25,70,17,82
5/5/2016,36,45,21,0,35,45,45,19,84
5/6/2016,38,41,21,21,0,26,64,20,68
5/7/2016,34,35,21,0,0,36,39,14,58
5/8/2016,30,33,23,0,0,29,40,22,56
5/9/2016,35,37,23,20,0,34,78,17,80
5/10/2016,40,37,25,20,32,38,78,17,89
5/11/2016,37,35,22,0,0,51,61,22,80
5/12/2016,33,32,21,20,33,44,71,21,84
5/13/2016,37,33,23,20,0,40,64,26,89
5/14/2016,33,31,20,23,0,45,53,17,51
5/15/2016,32,31,17,0,0,44,45,19,61
5/16/2016,31,31,23,0,0,25,62,25,69
5/17/2016,36,31,20,0,0,38,80,28,88
5/18/2016,34,32,20,38,0,24,92,38,92
5/19/2016,35,33,22,0,34,56,71,43,82
5/20/2016,36,31,21,0,35,32,71,39,65
5/21/2016,34,28,18,0,79,36,51,32,42
5/22/2016,29,29,14,0,39,22,47,35,57
5/23/2016,33,31,16,0,0,46,89,29,65
5/24/2016,40,31,23,0,0,50,84,34,80
5/25/2016,40,31,23,0,0,28,77,36,79
5/26/2016,38,31,23,42,0,41,85,33,86
5/27/2016,36,35,23,0,0,47,71,29,73
5/28/2016,43,39,35,46,0,52,47,35,52
5/29/2016,46,45,34,47,39,63,68,23,42
5/30/2016,45,45,37,41,0,40,87,25,87
5/31/2016,49,45,38,20,0,55,84,28,80
6/1/2016,42,42,30,40,0,47,81,29,82
6/2/2016,38,36,27,20,34,51,79,30,80
6/3/2016,44,42,31,0,0,47,68,32,82
6/4/2016,46,42,31,24,0,30,46,27,60
6/5/2016,40,38,26,69,0,49,53,29,54
6/6/2016,44,43,33,0,0,36,87,24,100
6/7/2016,44,41,32,0,32,56,64,31,78
6/8/2016,42,38,35,20,0,25,76,23,89
6/9/2016,40,36,26,0,32,36,66,28,85
6/10/2016,41,36,27,0,0,35,63,24,79
6/11/2016,44,37,28,0,40,39,45,18,53
6/12/2016,56,53,47,45,37,35,53,27,51
6/13/2016,64,67,62,96,33,70,72,38,87
6/14/2016,60,56,42,39,32,30,84,40,92
6/15/2016,49,47,36,40,0,55,69,39,99
6/16/2016,64,62,53,40,0,70,76,42,100
6/17/2016,63,60,49,21,34,100,100,100,97
6/18/2016,62,52,51,47,0,76,84,87,72
6/19/2016,55,49,49,0,0,59,69,60,58
6/20/2016,59,52,49,60,0,71,93,55,86
6/21/2016,66,56,51,0,34,52,70,44,86
6/22/2016,66,50,43,60,34,76,72,52,94
6/23/2016,79,53,47,82,0,61,67,39,100
6/24/2016,100,77,100,42,35,66,60,31,64
6/25/2016,73,53,52,24,0,83,48,30,56
6/26/2016,72,44,45,47,0,52,56,25,51
6/27/2016,69,46,39,20,33,66,58,26,83
6/28/2016,73,46,38,60,0,62,88,28,80
6/29/2016,58,44,37,41,34,74,74,32,73
6/30/2016,56,44,33,20,0,46,64,29,85
7/1/2016,49,57,60,38,0,55,51,57,62
7/2/2016,48,53,58,100,0,62,39,51,38
7/3/2016,48,58,75,0,56,66,35,42,43
7/4/2016,42,53,40,38,49,42,56,60,65
7/5/2016,43,53,49,52,0,52,50,65,73
7/6/2016,43,53,55,0,0,49,57,48,55
7/7/2016,47,56,64,25,0,69,49,38,68
7/8/2016,51,57,55,27,0,47,50,37,69
7/9/2016,57,70,55,89,0,65,34,43,45
7/10/2016,51,59,53,58,0,45,31,46,45
7/11/2016,50,55,47,26,0,55,51,44,60
7/12/2016,44,49,57,0,48,44,55,32,66
7/13/2016,44,49,60,25,0,35,55,44,58
7/14/2016,44,47,32,24,94,56,44,41,64
7/15/2016,40,44,44,0,53,63,58,44,59
7/16/2016,38,41,47,30,59,52,27,32,34
7/17/2016,32,46,32,58,0,64,25,47,43
7/18/2016,35,45,48,25,0,49,47,43,60
7/19/2016,36,47,45,52,49,46,48,50,59
7/20/2016,34,45,45,39,0,68,50,74,64
7/21/2016,33,43,39,25,0,59,56,78,54
7/22/2016,31,40,44,52,0,60,48,75,61
7/23/2016,35,39,55,0,0,56,36,73,34
7/24/2016,31,41,46,29,0,45,43,82,40
7/25/2016,28,43,37,25,0,71,53,73,68
7/26/2016,36,45,45,49,74,93,60,100,64
7/27/2016,31,49,42,0,0,61,59,78,57
7/28/2016,36,44,39,25,52,65,55,71,61
7/29/2016,35,43,40,26,0,30,47,52,47
7/30/2016,31,41,31,29,0,45,34,61,41
7/31/2016,28,43,29,0,0,66,31,58,36
8/1/2016,42,48,48,51,0,48,45,51,55
8/2/2016,49,57,61,74,0,80,70,85,77
8/3/2016,55,100,100,75,0,58,58,85,70
8/4/2016,51,65,58,26,0,75,51,71,57
8/5/2016,55,52,37,0,0,66,48,41,58
8/6/2016,59,47,42,30,0,28,34,47,34
8/7/2016,55,48,50,30,0,47,39,45,39
8/8/2016,93,48,29,26,0,75,47,45,55
8/9/2016,100,46,36,0,52,58,48,55,59
8/10/2016,85,44,46,0,0,57,55,55,48
8/11/2016,74,40,41,27,0,61,47,55,58
8/12/2016,61,43,40,28,0,83,43,39,53
8/13/2016,65,38,39,30,61,58,31,39,34
8/14/2016,59,39,34,0,0,44,44,34,44
8/15/2016,59,44,40,28,0,45,51,37,66
8/16/2016,54,41,36,26,0,72,55,31,60
8/17/2016,64,40,32,0,0,38,50,27,53
8/18/2016,62,43,35,28,52,45,56,41,44
8/19/2016,66,41,39,28,0,64,46,44,44
8/20/2016,68,40,22,30,0,47,41,22,39
8/21/2016,69,38,37,63,0,51,46,28,43
8/22/2016,75,41,32,27,0,56,50,35,77
8/23/2016,74,44,27,26,53,47,49,38,76
8/24/2016,66,43,45,25,49,62,52,39,77
8/25/2016,64,43,39,0,51,55,48,40,83
8/26/2016,64,41,27,27,0,40,41,35,66
8/27/2016,68,42,27,0,0,71,32,34,45
8/28/2016,57,42,33,29,58,66,33,33,40
8/29/2016,52,43,36,0,50,81,57,41,58
8/30/2016,55,44,31,24,0,54,58,35,63
8/31/2016,52,42,36,25,100,75,55,28,65
9/1/2016,61,41,42,25,0,51,61,39,62
9/2/2016,57,40,36,25,0,46,55,38,63
9/3/2016,57,42,41,28,0,67,34,32,55
9/4/2016,59,48,29,28,55,62,45,34,51
9/5/2016,57,43,39,24,0,73,64,36,62
9/6/2016,56,42,40,25,97,68,68,31,60
9/7/2016,53,45,35,25,0,61,63,30,71
9/8/2016,56,48,50,24,48,89,47,33,77
9/9/2016,52,45,42,26,52,37,54,26,61
9/10/2016,55,46,43,29,0,59,41,31,49
9/11/2016,53,44,45,28,0,40,39,33,43
9/12/2016,49,45,45,0,0,45,69,42,66
9/13/2016,50,47,43,49,0,84,54,31,80
9/14/2016,51,42,34,0,49,90,50,28,67
9/15/2016,52,45,48,0,74,99,59,37,65
9/16/2016,51,45,43,25,50,97,52,37,62
9/17/2016,53,41,35,57,0,61,44,42,39
9/18/2016,50,43,37,27,55,77,54,53,45
9/19/2016,51,40,35,0,46,70,85,43,75
9/20/2016,49,45,36,0,46,65,100,65,82
9/21/2016,48,46,37,25,0,56,87,57,85
9/22/2016,44,42,42,37,94,100,88,59,68
9/23/2016,40,43,37,26,97,68,66,48,60
9/24/2016,42,41,40,0,0,58,51,41,39
9/25/2016,32,42,32,0,56,53,44,48,47
9/26/2016,35,44,44,24,48,80,85,41,75
9/27/2016,35,43,40,25,0,92,89,33,73
9/28/2016,30,41,25,0,47,74,78,33,77
9/29/2016,32,43,39,0,0,72,65,38,100
9/30/2016,33,42,30,0,48,67,70,33,62
10/1/2016,56,42,26,0,0,48,60,60,37
10/2/2016,52,40,26,0,0,48,61,66,38
10/3/2016,55,45,38,0,33,22,84,66,63
10/4/2016,60,45,39,0,0,58,90,70,69
10/5/2016,56,44,29,15,0,67,91,68,66
10/6/2016,60,44,37,50,0,53,91,73,70
10/7/2016,63,44,33,17,0,47,90,77,68
10/8/2016,62,43,29,0,0,47,56,62,46
10/9/2016,52,45,32,0,0,34,64,78,43
10/10/2016,54,44,27,16,0,60,87,71,70
10/11/2016,60,51,39,16,0,69,81,68,70
10/12/2016,60,54,36,0,0,51,73,74,90
10/13/2016,55,49,33,16,0,74,90,83,86
10/14/2016,58,46,21,0,0,44,86,85,70
10/15/2016,55,46,33,18,0,58,57,61,49
10/16/2016,48,42,34,18,38,62,59,72,47
10/17/2016,50,46,36,15,0,47,86,87,76
10/18/2016,53,47,28,0,0,71,95,83,77
10/19/2016,51,47,30,40,0,58,72,75,76
10/20/2016,47,48,36,31,0,75,75,72,73
10/21/2016,50,41,31,17,0,56,81,74,71
10/22/2016,47,46,31,19,0,53,55,57,50
10/23/2016,49,48,32,18,0,62,61,70,48
10/24/2016,59,48,42,16,0,56,79,66,74
10/25/2016,56,50,38,32,33,36,84,74,82
10/26/2016,58,50,36,16,0,52,69,64,90
10/27/2016,59,55,44,17,0,48,81,74,70
10/28/2016,60,59,48,0,0,62,80,73,65
10/29/2016,64,64,54,37,0,66,49,72,57
10/30/2016,55,58,44,19,0,79,59,57,53
10/31/2016,62,57,58,16,0,59,84,78,75
11/1/2016,64,61,46,16,0,65,73,100,78
11/2/2016,64,57,51,16,0,48,99,57,72
11/3/2016,61,62,43,16,34,54,82,76,74
11/4/2016,62,57,66,32,0,49,75,60,71
11/5/2016,57,60,40,18,0,52,53,77,52
11/6/2016,52,55,45,27,38,51,48,55,49
11/7/2016,61,56,48,0,33,76,75,76,77
11/8/2016,57,52,34,16,0,53,81,73,88
11/9/2016,74,78,75,36,30,45,83,68,67
11/10/2016,59,58,47,16,34,47,78,55,69
11/11/2016,58,55,48,33,35,36,80,64,66
11/12/2016,58,54,49,19,0,34,58,56,50
11/13/2016,54,54,41,0,0,61,70,61,48
11/14/2016,58,57,42,16,0,65,88,83,72
11/15/2016,60,56,49,47,0,43,88,64,79
11/16/2016,61,56,53,16,100,43,82,61,100
11/17/2016,63,61,49,24,0,52,82,67,90
11/18/2016,66,60,56,33,0,56,88,73,77
11/19/2016,62,56,42,18,0,87,45,55,59
11/20/2016,60,57,49,35,0,64,62,57,56
11/21/2016,58,58,45,16,0,31,77,72,87
11/22/2016,62,61,44,23,33,53,91,80,89
11/23/2016,63,59,43,16,33,56,81,66,85
11/24/2016,65,59,50,24,34,73,75,71,85
11/25/2016,67,57,51,0,0,62,79,54,72
11/26/2016,59,53,41,27,0,53,44,63,57
11/27/2016,56,56,36,17,0,47,51,60,53
11/28/2016,63,58,55,0,63,62,87,71,80
11/29/2016,58,58,53,15,31,61,80,81,79
11/30/2016,57,57,53,31,64,54,85,87,79
12/1/2016,64,59,61,16,0,46,76,75,85
12/2/2016,71,64,52,40,0,55,98,70,77
12/3/2016,57,58,42,17,0,49,53,59,52
12/4/2016,56,55,46,33,0,73,52,65,55
12/5/2016,66,62,46,14,0,82,100,91,83
12/6/2016,59,60,52,30,31,74,90,89,89
12/7/2016,64,59,52,23,95,64,84,91,91
12/8/2016,59,63,43,15,0,73,94,56,83
12/9/2016,55,55,35,31,0,61,70,60,80
12/10/2016,57,57,41,18,0,48,49,58,57
12/11/2016,53,52,39,17,36,49,54,48,51
12/12/2016,61,57,49,15,0,38,69,55,73
12/13/2016,58,62,45,0,0,75,74,62,83
12/14/2016,56,56,42,0,32,47,89,53,72
12/15/2016,63,57,58,16,0,31,87,48,81
12/16/2016,59,55,43,16,0,49,70,54,63
12/17/2016,61,58,47,18,0,28,39,38,47
12/18/2016,60,55,48,56,0,46,57,40,44
12/19/2016,67,59,46,15,0,51,77,72,77
12/20/2016,64,60,53,32,0,54,66,67,74
12/21/2016,79,72,56,24,0,60,69,72,71
12/22/2016,90,86,89,50,35,66,70,51,78
12/23/2016,92,100,93,34,36,100,61,71,64
12/24/2016,86,83,84,49,0,53,40,54,49
12/25/2016,74,76,75,100,0,48,43,61,45
12/26/2016,69,75,62,43,0,43,39,61,54
12/27/2016,90,88,68,41,0,60,61,53,65
12/28/2016,100,96,100,80,0,79,45,59,64
12/29/2016,94,93,91,99,0,71,61,88,65
12/30/2016,86,85,71,26,0,72,57,69,57
12/31/2016,70,73,66,19,0,56,33,50,44
1/1/2017,54,48,44,22,0,31,31,10,36
1/2/2017,77,81,68,18,0,49,43,14,55
1/3/2017,71,73,52,18,27,66,63,18,64
1/4/2017,93,85,71,27,54,69,56,19,72
1/5/2017,100,100,100,100,28,59,54,21,82
1/6/2017,85,87,80,83,28,54,63,17,67
1/7/2017,76,74,74,30,0,53,42,13,58
1/8/2017,66,65,55,10,0,55,44,13,50
1/9/2017,68,64,57,69,0,56,61,19,72
1/10/2017,59,57,46,26,0,45,50,12,80
1/11/2017,69,68,53,0,53,29,53,12,76
1/12/2017,71,68,66,26,0,53,49,18,77
1/13/2017,63,58,45,18,0,47,53,9,75
1/14/2017,61,51,48,20,31,33,50,11,49
1/15/2017,48,48,38,19,0,36,41,11,50
1/16/2017,59,49,40,26,0,45,58,12,57
1/17/2017,62,52,44,17,25,34,46,14,72
1/18/2017,59,52,49,0,0,37,55,15,73
1/19/2017,55,46,36,34,27,28,54,12,73
1/20/2017,54,47,35,9,26,36,55,11,70
1/21/2017,56,45,28,29,0,39,33,11,53
1/22/2017,55,45,34,19,0,41,47,9,45
1/23/2017,53,46,36,8,0,36,52,11,79
1/24/2017,61,48,44,17,100,42,50,11,81
1/25/2017,52,46,35,8,0,35,58,11,70
1/26/2017,50,44,37,0,0,44,42,10,78
1/27/2017,55,44,31,0,0,39,56,10,65
1/28/2017,50,42,30,0,59,41,39,9,50
1/29/2017,43,41,31,10,29,38,37,9,46
1/30/2017,50,44,32,17,25,35,53,8,64
1/31/2017,55,46,40,8,0,46,57,10,81
2/1/2017,57,50,40,25,0,32,57,9,74
2/2/2017,60,52,41,9,25,41,58,8,78
2/3/2017,56,52,41,9,0,20,51,12,63
2/4/2017,56,46,34,10,30,45,44,13,50
2/5/2017,52,48,35,19,29,40,40,9,49
2/6/2017,55,48,39,8,0,43,61,10,68
2/7/2017,58,51,43,8,25,42,52,12,74
2/8/2017,58,50,50,42,26,44,59,11,83
2/9/2017,63,59,49,0,0,34,55,12,81
2/10/2017,64,51,45,0,27,44,41,14,82
2/11/2017,58,47,28,38,0,32,33,10,49
2/12/2017,48,45,34,0,29,35,37,11,48
2/13/2017,50,46,35,16,24,27,60,9,81
2/14/2017,48,45,31,17,0,36,49,16,66
2/15/2017,54,45,36,8,0,35,72,15,84
2/16/2017,55,45,37,25,0,33,59,15,77
2/17/2017,56,49,30,0,25,55,52,17,69
2/18/2017,53,48,37,19,28,41,42,11,59
2/19/2017,49,44,27,10,0,34,39,11,49
2/20/2017,56,48,37,17,26,36,77,13,83
2/21/2017,60,56,43,25,0,36,67,15,78
2/22/2017,58,54,42,33,26,34,71,15,90
2/23/2017,64,59,40,26,25,50,62,15,85
2/24/2017,68,69,59,44,0,50,60,13,77
2/25/2017,59,58,43,39,29,36,41,16,57
2/26/2017,61,51,41,9,88,52,41,17,53
2/27/2017,64,54,46,0,25,38,81,21,85
2/28/2017,65,54,45,16,0,56,82,44,84
3/1/2017,68,58,45,8,0,45,71,30,92
3/2/2017,79,69,57,8,0,67,81,36,96
3/3/2017,80,93,60,26,0,62,65,42,86
3/4/2017,77,73,46,19,0,56,49,24,74
3/5/2017,65,61,40,0,0,39,53,25,63
3/6/2017,68,66,53,8,0,58,82,29,96
3/7/2017,70,70,55,24,0,53,57,27,96
3/8/2017,70,74,50,25,49,32,70,26,71
3/9/2017,70,69,52,17,25,37,67,23,83
3/10/2017,82,96,66,43,0,58,49,23,90
3/11/2017,76,78,71,58,0,51,47,22,58
3/12/2017,54,60,49,9,0,65,56,35,64
3/13/2017,70,64,54,15,47,73,98,62,79
3/14/2017,64,59,44,8,24,86,72,44,90
3/15/2017,67,58,50,17,0,66,88,50,90
3/16/2017,67,63,45,17,25,98,100,90,97
3/17/2017,95,63,58,9,52,100,99,100,78
3/18/2017,93,75,71,39,0,98,70,56,58
3/19/2017,75,65,54,9,29,58,77,50,67
3/20/2017,68,62,49,33,26,86,90,53,99
3/21/2017,71,60,43,8,24,79,82,48,95
3/22/2017,85,62,57,17,25,71,78,46,100
3/23/2017,79,58,47,0,0,76,70,39,99
3/24/2017,76,61,53,9,0,71,76,51,97
3/25/2017,74,63,61,0,30,71,62,50,54
3/26/2017,65,54,44,19,29,90,61,48,58
3/27/2017,71,57,44,8,25,75,72,46,79
3/28/2017,76,55,47,0,0,65,76,37,92
3/29/2017,63,54,47,17,25,81,78,43,90
3/30/2017,62,52,44,17,53,70,78,41,80
3/31/2017,61,52,34,9,27,79,72,33,72
4/1/2017,33,18,23,9,0,13,18,6,33
4/2/2017,28,17,17,9,0,13,19,7,34
4/3/2017,32,18,23,7,19,18,28,9,49
4/4/2017,31,19,24,15,0,16,23,8,57
4/5/2017,27,19,21,7,0,17,23,7,57
4/6/2017,29,17,23,22,19,12,25,7,51
4/7/2017,32,17,23,8,0,10,20,6,46
4/8/2017,29,16,18,27,22,10,15,5,36
4/9/2017,29,17,19,0,0,10,16,5,31
4/10/2017,31,18,21,15,19,12,23,6,50
4/11/2017,29,18,22,7,0,11,21,6,47
4/12/2017,31,17,23,11,0,12,22,6,42
4/13/2017,30,17,22,19,20,11,26,9,51
4/14/2017,31,16,21,8,0,11,16,7,45
4/15/2017,30,16,20,18,0,11,16,7,31
4/16/2017,29,17,21,9,0,12,11,6,31
4/17/2017,28,18,22,12,0,14,15,6,42
4/18/2017,29,18,22,0,0,12,21,7,48
4/19/2017,29,18,20,0,18,15,21,6,50
4/20/2017,28,16,22,0,19,12,19,7,55
4/21/2017,31,17,23,8,0,15,18,7,56
4/22/2017,29,19,20,9,0,11,12,5,33
4/23/2017,25,16,22,0,21,12,16,6,35
4/24/2017,32,18,22,7,0,13,19,7,55
4/25/2017,32,18,22,0,19,17,20,7,59
4/26/2017,36,21,28,14,18,13,24,9,57
4/27/2017,34,20,28,11,0,13,30,12,56
4/28/2017,30,20,25,15,0,19,27,15,50
4/29/2017,34,19,24,8,22,17,22,12,39
4/30/2017,31,17,27,36,0,18,24,14,39
5/1/2017,37,23,34,20,0,24,36,21,46
5/2/2017,38,25,29,18,0,19,27,16,63
5/3/2017,38,25,33,23,0,22,26,14,62
5/4/2017,47,33,45,18,0,30,35,20,63
5/5/2017,46,31,43,23,0,33,35,22,64
5/6/2017,39,24,32,9,0,28,23,15,38
5/7/2017,39,25,36,17,43,29,24,13,46
5/8/2017,46,28,43,26,19,39,32,18,57
5/9/2017,55,37,50,37,37,33,33,19,69
5/10/2017,52,34,43,29,0,30,27,12,74
5/11/2017,49,37,47,45,0,27,31,14,70
5/12/2017,48,44,46,27,0,26,26,12,72
5/13/2017,48,43,43,22,22,27,21,11,47
5/14/2017,44,39,45,17,22,27,20,11,53
5/15/2017,47,50,52,35,0,25,28,12,56
5/16/2017,42,47,49,12,0,36,27,13,75
5/17/2017,46,40,42,31,0,35,26,11,76
5/18/2017,41,35,41,8,20,32,30,12,73
5/19/2017,46,39,49,21,41,41,35,25,70
5/20/2017,49,41,46,48,0,40,31,23,50
5/21/2017,48,41,48,32,23,42,33,27,52
5/22/2017,64,66,69,63,60,68,69,57,89
5/23/2017,65,68,63,50,19,69,51,44,86
5/24/2017,75,76,81,48,20,82,56,57,95
5/25/2017,100,100,100,89,20,100,62,62,100
5/26/2017,77,78,82,72,86,68,46,43,81
5/27/2017,78,65,77,100,24,62,39,38,63
5/28/2017,62,51,53,66,24,54,42,30,59
5/29/2017,56,50,51,29,21,46,39,33,75
5/30/2017,59,49,52,46,20,59,55,46,78
5/31/2017,53,47,52,31,0,67,60,48,76
6/1/2017,54,47,53,48,41,64,50,43,78
6/2/2017,55,41,51,37,0,55,44,35,77
6/3/2017,52,39,50,18,70,59,38,28,49
6/4/2017,45,37,45,27,0,54,36,36,53
6/5/2017,54,42,53,35,40,66,45,40,74
6/6/2017,69,57,66,49,19,79,54,50,92
6/7/2017,62,52,56,31,19,77,52,43,84
6/8/2017,61,45,57,46,19,67,46,39,89
6/9/2017,62,44,55,37,20,65,48,41,77
6/10/2017,66,42,51,33,0,77,57,58,64
6/11/2017,59,43,50,10,24,85,65,70,60
6/12/2017,74,58,68,58,39,99,100,100,96
6/13/2017,68,51,62,72,19,90,78,82,92
6/14/2017,74,47,53,39,0,92,69,78,85
6/15/2017,84,57,70,60,41,96,74,83,87
6/16/2017,66,48,49,41,0,78,64,58,73
6/17/2017,65,40,58,19,24,72,43,47,64
6/18/2017,53,38,46,18,0,70,49,45,56
6/19/2017,57,39,53,8,40,78,57,49,90
6/20/2017,65,41,54,37,19,82,61,52,93
6/21/2017,61,45,48,11,38,87,77,72,81
6/22/2017,57,41,40,38,58,78,72,71,95
6/23/2017,58,41,46,16,100,75,63,56,82
6/24/2017,54,38,41,18,0,67,47,48,56
6/25/2017,53,37,46,37,23,75,56,56,61
6/26/2017,61,46,56,32,0,91,91,78,79
6/27/2017,66,49,51,48,61,86,71,66,95
6/28/2017,60,50,52,32,41,74,61,54,98
6/29/2017,53,41,39,49,20,69,54,45,86
6/30/2017,52,35,35,21,21,58,47,41,79
7/1/2017,44,29,33,5,22,41,68,60,42
7/2/2017,46,31,31,5,65,45,69,56,48
7/3/2017,52,31,31,4,28,40,84,59,60
7/4/2017,47,31,30,13,37,52,77,56,67
7/5/2017,47,31,27,9,55,46,67,59,66
7/6/2017,44,32,32,9,38,46,66,61,68
7/7/2017,42,31,33,22,18,41,64,61,71
7/8/2017,42,29,29,5,21,42,63,58,51
7/9/2017,40,29,27,5,22,45,57,55,48
7/10/2017,42,33,31,21,0,52,85,78,68
7/11/2017,49,37,37,26,36,60,100,100,72
7/12/2017,46,34,35,13,53,51,79,77,70
7/13/2017,48,33,34,17,35,46,87,62,64
7/14/2017,45,33,38,27,28,41,67,59,57
7/15/2017,54,37,39,10,42,46,61,59,49
7/16/2017,52,43,46,20,43,52,85,78,50
7/17/2017,49,40,45,26,19,45,76,67,62
7/18/2017,56,40,44,17,18,46,83,74,71
7/19/2017,55,37,37,30,18,45,86,73,73
7/20/2017,64,41,50,13,0,43,77,66,68
7/21/2017,63,41,40,31,19,43,72,60,62
7/22/2017,60,36,38,15,22,40,55,44,46
7/23/2017,53,36,35,19,0,47,48,43,44
7/24/2017,48,36,36,8,36,47,61,48,68
7/25/2017,55,37,37,8,0,47,59,50,68
7/26/2017,58,37,34,21,26,44,57,48,67
7/27/2017,50,34,36,13,18,39,54,42,61
7/28/2017,53,40,36,9,38,37,53,46,65
7/29/2017,49,32,31,20,0,37,49,44,46
7/30/2017,44,33,28,5,21,33,46,37,50
7/31/2017,58,42,34,13,18,40,56,43,72
8/1/2017,70,71,52,36,34,43,64,55,75
8/2/2017,65,64,40,8,17,51,67,47,77
8/3/2017,49,44,35,12,17,45,53,38,67
8/4/2017,47,41,36,9,27,40,49,39,65
8/5/2017,62,54,49,10,20,46,54,46,47
8/6/2017,55,43,49,20,20,46,61,49,47
8/7/2017,59,52,49,24,0,53,69,53,67
8/8/2017,63,51,54,28,25,59,65,60,73
8/9/2017,55,47,41,25,26,65,77,61,70
8/10/2017,56,42,44,8,18,60,69,51,68
8/11/2017,55,48,53,9,18,63,66,48,68
8/12/2017,71,56,61,19,21,62,63,49,60
8/13/2017,82,68,85,38,0,72,72,56,60
8/14/2017,78,76,82,38,36,78,69,63,79
8/15/2017,78,75,81,56,0,75,69,56,85
8/16/2017,67,66,62,25,0,65,64,53,91
8/17/2017,70,62,65,46,35,70,67,56,85
8/18/2017,66,64,55,26,19,64,64,48,81
8/19/2017,63,58,54,9,20,62,56,39,64
8/20/2017,57,53,51,5,20,61,49,38,66
8/21/2017,61,54,52,16,26,62,68,57,84
8/22/2017,69,61,58,29,26,71,68,50,97
8/23/2017,62,57,48,20,17,73,64,50,93
8/24/2017,73,53,44,29,34,69,57,45,82
8/25/2017,72,54,49,9,37,62,58,49,86
8/26/2017,64,47,45,19,20,60,48,39,62
8/27/2017,64,43,42,14,39,61,57,38,54
8/28/2017,100,48,44,37,18,72,66,51,79
8/29/2017,92,55,56,16,17,77,83,60,90
8/30/2017,82,58,56,16,17,81,87,65,93
8/31/2017,81,62,57,12,26,86,81,60,88
9/1/2017,80,67,55,22,64,89,75,63,88
9/2/2017,72,66,61,24,21,90,68,67,70
9/3/2017,67,55,56,38,41,76,56,51,70
9/4/2017,76,69,64,42,27,100,88,71,81
9/5/2017,77,70,63,49,34,98,77,61,91
9/6/2017,72,60,59,36,34,77,73,52,97
9/7/2017,65,56,53,29,26,82,67,49,94
9/8/2017,67,59,53,34,27,76,67,46,82
9/9/2017,61,49,49,14,19,61,52,41,58
9/10/2017,60,50,49,32,100,63,53,40,62
9/11/2017,67,54,48,32,42,68,68,43,84
9/12/2017,65,54,47,0,25,74,65,41,86
9/13/2017,70,74,61,44,25,93,72,51,94
9/14/2017,87,90,73,100,26,84,70,56,100
9/15/2017,100,100,100,42,26,90,75,58,85
9/16/2017,77,67,65,33,30,60,60,37,63
9/17/2017,63,54,49,41,19,54,48,34,61
9/18/2017,69,64,57,49,34,69,77,46,92
9/19/2017,59,58,56,56,25,62,78,46,89
9/20/2017,51,50,47,20,0,60,70,38,94
9/21/2017,51,51,47,12,17,60,64,39,91
9/22/2017,55,48,47,34,18,55,60,34,82
9/23/2017,52,41,44,14,39,45,50,31,56
9/24/2017,42,37,33,28,19,46,48,30,66
9/25/2017,47,43,41,36,35,48,72,33,89
9/26/2017,53,43,44,28,0,57,69,33,96
9/27/2017,58,47,48,12,50,66,63,33,87
9/28/2017,58,45,46,32,50,63,69,34,86
9/29/2017,53,44,44,21,35,61,62,33,90
9/30/2017,50,40,40,28,40,55,44,28,54
10/1/2017,13,7,9,4,8,10,22,12,22
10/2/2017,15,8,10,10,14,11,29,14,32
10/3/2017,15,8,9,4,7,11,31,14,30
10/4/2017,17,8,8,6,14,10,26,14,30
10/5/2017,18,8,8,8,7,10,28,13,33
10/6/2017,14,7,8,7,0,10,27,14,29
10/7/2017,13,7,7,4,25,9,25,14,19
10/8/2017,13,8,9,12,8,9,21,13,22
10/9/2017,15,9,10,9,0,11,30,16,33
10/10/2017,16,9,11,9,14,10,27,14,35
10/11/2017,15,9,9,2,0,10,31,15,34
10/12/2017,22,15,17,23,0,13,30,21,39
10/13/2017,25,18,19,20,0,14,38,27,36
10/14/2017,19,13,13,12,25,13,29,21,28
10/15/2017,17,11,13,11,0,12,29,22,27
10/16/2017,18,12,13,6,0,14,37,27,36
10/17/2017,17,11,11,15,14,14,34,23,41
10/18/2017,16,11,12,5,49,13,31,20,39
10/19/2017,16,11,12,9,7,12,31,19,35
10/20/2017,20,13,12,9,15,11,32,19,36
10/21/2017,21,14,15,10,16,12,25,21,28
10/22/2017,17,12,12,13,8,11,29,17,26
10/23/2017,21,14,13,11,14,13,33,21,42
10/24/2017,20,15,12,5,0,13,34,20,43
10/25/2017,19,13,12,4,7,13,36,17,41
10/26/2017,18,13,11,8,0,12,32,17,40
10/27/2017,17,11,12,7,0,11,29,16,35
10/28/2017,16,10,10,3,0,10,23,14,29
10/29/2017,16,11,10,11,16,11,23,15,29
10/30/2017,18,13,13,9,7,11,29,18,38
10/31/2017,20,15,15,8,43,12,34,19,38
11/1/2017,24,18,18,17,7,15,36,23,40
11/2/2017,32,24,26,29,21,17,42,29,45
11/3/2017,28,22,23,18,14,16,34,23,46
11/4/2017,22,17,16,7,0,14,30,21,32
11/5/2017,22,17,18,19,15,13,29,20,33
11/6/2017,24,18,18,12,27,14,34,22,46
11/7/2017,23,16,18,14,7,15,33,24,47
11/8/2017,25,18,18,26,0,17,39,28,44
11/9/2017,23,17,17,17,14,18,40,28,46
11/10/2017,26,20,19,22,14,15,31,22,41
11/11/2017,26,20,19,18,16,15,26,21,34
11/12/2017,31,24,24,28,16,17,33,22,37
11/13/2017,28,22,22,14,27,16,35,22,44
11/14/2017,22,17,17,21,7,16,37,22,46
11/15/2017,24,16,20,19,20,16,36,23,43
11/16/2017,25,18,19,18,14,16,32,20,44
11/17/2017,25,20,22,18,7,17,33,22,41
11/18/2017,22,15,16,14,24,14,28,19,29
11/19/2017,21,14,17,8,8,16,35,25,31
11/20/2017,26,19,21,14,20,18,42,28,47
11/21/2017,26,20,20,12,20,18,42,28,50
11/22/2017,23,18,18,12,21,18,40,24,45
11/23/2017,21,16,16,16,7,18,46,38,39
11/24/2017,21,15,15,10,28,17,48,43,40
11/25/2017,23,16,18,17,8,20,47,43,35
11/26/2017,32,24,28,23,8,23,45,40,37
11/27/2017,39,32,36,32,13,29,55,51,57
11/28/2017,42,38,42,36,13,33,56,54,62
11/29/2017,62,61,59,59,20,46,80,73,76
11/30/2017,51,51,52,51,14,37,58,54,64
12/1/2017,42,38,41,33,29,31,51,43,55
12/2/2017,39,31,32,24,8,28,38,38,43
12/3/2017,38,30,34,31,8,30,40,40,45
12/4/2017,39,34,36,25,20,36,53,44,58
12/5/2017,40,36,36,28,34,38,62,46,63
12/6/2017,55,48,49,40,35,47,71,62,72
12/7/2017,100,96,98,100,49,54,79,81,100
12/8/2017,86,84,87,98,43,50,72,69,83
12/9/2017,59,58,57,65,32,49,62,63,59
12/10/2017,55,53,53,41,38,41,52,51,55
12/11/2017,64,63,64,45,27,48,63,59,77
12/12/2017,61,59,57,39,61,75,95,99,88
12/13/2017,56,53,53,38,48,78,100,100,81
12/14/2017,53,46,49,25,63,72,92,83,75
12/15/2017,50,44,45,32,36,64,72,65,71
12/16/2017,51,43,49,30,32,59,66,57,59
12/17/2017,59,46,54,40,32,62,62,58,61
12/18/2017,58,47,54,39,96,64,73,61,75
12/19/2017,60,51,54,41,64,74,93,84,88
12/20/2017,70,70,65,41,58,73,79,70,88
12/21/2017,67,53,56,29,37,73,78,61,91
12/22/2017,100,100,100,92,100,100,91,80,91
12/23/2017,73,64,74,54,34,65,68,52,64
12/24/2017,56,46,58,48,87,57,48,43,51
12/25/2017,53,41,50,33,44,51,54,42,52
12/26/2017,51,40,49,37,31,51,59,43,65
12/27/2017,49,38,46,30,37,53,57,45,62
12/28/2017,49,39,48,25,37,53,58,44,64
12/29/2017,49,33,45,28,53,61,64,41,57
12/30/2017,48,33,44,30,33,70,67,39,47
12/31/2017,43,27,41,23,34,55,54,35,41
1/1/2018,59,45,58,38,30,45,43,36,47
1/2/2018,73,55,69,45,28,62,65,68,71
1/3/2018,73,55,69,43,41,71,72,58,82
1/4/2018,76,53,70,24,86,87,91,78,83
1/5/2018,74,51,70,43,74,81,79,68,81
1/6/2018,70,45,69,36,66,71,69,57,67
1/7/2018,69,45,65,44,100,73,74,68,65
1/8/2018,69,51,62,28,71,75,91,83,80
1/9/2018,67,49,60,42,87,69,89,83,90
1/10/2018,65,51,59,32,58,74,100,100,100
1/11/2018,66,56,61,56,74,79,80,78,90
1/12/2018,60,47,53,32,49,57,70,60,80
1/13/2018,55,40,48,23,19,53,72,65,63
1/14/2018,49,38,41,28,30,52,62,57,62
1/15/2018,49,38,44,26,37,48,67,57,70
1/16/2018,77,76,70,60,76,100,77,84,79
1/17/2018,100,100,100,100,92,91,79,84,82
1/18/2018,81,73,79,74,37,61,67,62,82
1/19/2018,57,51,55,53,38,44,60,48,72
1/20/2018,51,42,48,55,64,41,56,42,55
1/21/2018,46,39,42,37,45,42,51,38,56
1/22/2018,48,45,46,41,65,41,53,41,69
1/23/2018,50,45,47,55,33,40,51,40,72
1/24/2018,45,40,43,33,59,36,47,35,68
1/25/2018,45,40,41,40,37,34,47,35,70
1/26/2018,42,39,38,42,35,34,43,32,60
1/27/2018,39,32,34,29,38,34,38,31,44
1/28/2018,38,31,33,38,23,34,47,40,50
1/29/2018,37,33,33,32,16,34,52,38,67
1/30/2018,40,35,33,42,23,36,47,35,60
1/31/2018,45,38,42,35,33,35,44,34,59
2/1/2018,51,50,48,55,20,47,57,41,64
2/2/2018,64,65,65,90,55,56,53,48,58
2/3/2018,52,43,47,48,30,32,39,33,42
2/4/2018,44,37,42,37,22,32,39,30,40
2/5/2018,64,65,72,81,30,47,47,46,57
2/6/2018,82,82,96,91,43,56,55,49,57
2/7/2018,57,51,61,56,30,35,44,34,58
2/8/2018,49,42,48,52,20,27,39,27,56
2/9/2018,43,39,43,29,17,29,38,27,54
2/10/2018,39,32,36,34,27,27,34,25,36
2/11/2018,36,29,31,30,15,24,31,21,37
2/12/2018,38,31,35,30,30,24,36,25,49
2/13/2018,35,29,30,28,30,24,35,25,55
2/14/2018,34,29,31,31,30,25,33,25,55
2/15/2018,38,31,34,26,20,24,35,24,60
2/16/2018,34,28,31,31,21,22,33,22,55
2/17/2018,36,27,30,24,31,21,32,21,37
2/18/2018,35,28,32,31,23,21,31,22,39
2/19/2018,33,26,28,18,20,22,35,23,56
2/20/2018,37,28,32,37,13,24,40,25,62
2/21/2018,34,28,29,40,26,27,39,22,58
2/22/2018,30,27,26,40,27,24,35,21,55
2/23/2018,31,24,25,27,24,20,35,19,50
2/24/2018,27,20,22,32,11,19,27,17,39
2/25/2018,26,19,20,28,26,16,28,16,36
2/26/2018,27,22,24,28,23,18,33,19,51
2/27/2018,28,22,24,24,10,19,33,18,55
2/28/2018,27,21,21,27,32,17,29,17,50
3/1/2018,26,20,21,19,13,18,32,17,51
3/2/2018,27,19,21,25,0,15,30,17,46
3/3/2018,26,19,21,19,0,14,25,17,35
3/4/2018,25,17,20,26,11,15,25,15,34
3/5/2018,25,19,18,19,38,16,32,17,50
3/6/2018,24,20,18,24,36,17,32,17,54
3/7/2018,27,23,20,34,23,20,33,20,51
3/8/2018,27,21,19,25,20,18,29,17,48
3/9/2018,28,24,22,26,21,22,29,19,44
3/10/2018,24,18,17,27,19,14,23,15,32
3/11/2018,21,18,16,29,22,14,25,17,35
3/12/2018,23,20,17,23,13,17,29,16,52
3/13/2018,23,19,16,17,13,16,29,16,54
3/14/2018,25,22,17,17,26,20,31,20,51
3/15/2018,29,25,20,28,50,23,29,19,48
3/16/2018,23,20,17,23,14,16,26,15,45
3/17/2018,23,18,17,30,22,15,23,14,32
3/18/2018,26,22,18,21,11,22,32,26,32
3/19/2018,26,21,18,28,16,17,29,17,47
3/20/2018,27,20,16,30,7,16,26,17,52
3/21/2018,28,19,16,19,23,15,27,16,52
3/22/2018,22,18,16,24,13,14,27,14,55
3/23/2018,22,17,15,26,17,13,25,14,47
3/24/2018,21,15,15,13,12,12,20,11,33
3/25/2018,19,15,13,16,15,12,22,12,32
3/26/2018,21,21,17,22,14,15,25,18,47
3/27/2018,21,19,15,21,26,16,30,18,45
3/28/2018,20,17,14,24,10,13,25,18,48
3/29/2018,23,21,16,30,17,17,32,24,44
3/30/2018,29,23,20,41,15,18,28,19,36
3/31/2018,22,18,16,27,20,13,23,14,27
4/1/2018,80,93,79,68,48,100,57,70,50
4/2/2018,80,100,89,88,63,79,59,80,76
4/3/2018,90,90,100,90,40,90,73,78,82
4/4/2018,81,86,79,67,39,80,65,73,85
4/5/2018,81,90,78,48,41,97,68,67,84
4/6/2018,81,90,82,77,21,96,58,66,75
4/7/2018,70,74,67,61,92,61,44,50,54
4/8/2018,66,69,59,57,23,68,47,53,58
4/9/2018,78,85,82,66,20,85,68,65,82
4/10/2018,75,85,77,43,39,80,61,61,87
4/11/2018,71,74,65,65,20,72,69,64,90
4/12/2018,95,95,87,100,100,89,69,77,88
4/13/2018,100,95,95,81,42,94,75,81,78
4/14/2018,81,70,71,66,23,73,57,50,51
4/15/2018,79,70,81,68,0,70,62,63,58
4/16/2018,80,78,71,53,59,75,65,61,85
4/17/2018,78,73,87,50,80,92,64,62,93
4/18/2018,75,75,75,47,20,91,63,56,100
4/19/2018,76,76,76,62,21,82,67,69,86
4/20/2018,90,77,86,52,21,92,75,76,83
4/21/2018,83,71,79,43,47,78,58,73,60
4/22/2018,80,70,74,54,46,79,67,66,60
4/23/2018,83,76,72,55,39,83,75,75,89
4/24/2018,100,91,99,88,39,99,80,94,95
4/25/2018,92,85,87,79,59,99,80,84,88
4/26/2018,85,73,70,47,20,81,67,65,90
4/27/2018,82,71,80,46,21,73,66,64,78
4/28/2018,81,61,72,43,0,75,63,53,56
4/29/2018,80,61,64,31,23,73,68,60,60
4/30/2018,79,64,74,61,41,82,72,64,80
5/1/2018,79,66,80,60,85,77,69,62,77
5/2/2018,75,62,71,23,20,73,70,67,94
5/3/2018,79,68,72,64,40,83,100,100,96
5/4/2018,90,66,82,52,21,79,80,92,83
5/5/2018,14,8,9,7,6,11,25,15,26
5/6/2018,13,8,8,9,12,11,25,15,27
5/7/2018,13,8,8,7,11,12,36,25,39
5/8/2018,14,8,7,9,11,13,29,15,40
5/9/2018,13,7,7,9,5,11,27,13,43
5/10/2018,13,7,6,8,16,12,25,13,42
5/11/2018,14,9,8,12,22,15,26,14,41
5/12/2018,13,7,8,8,24,10,19,11,28
5/13/2018,13,6,6,4,0,10,21,10,31
5/14/2018,14,8,8,12,0,13,26,12,44
5/15/2018,12,7,7,8,16,12,24,12,45
5/16/2018,13,7,8,13,16,12,24,10,48
5/17/2018,12,7,7,17,0,11,24,11,44
5/18/2018,12,7,7,14,17,12,23,12,40
5/19/2018,11,6,6,4,19,8,18,11,26
5/20/2018,11,6,6,6,0,9,20,9,25
5/23/2018,100,100,82,66,33,100,100,97,100
5/24/2018,93,89,92,100,33,85,98,94,100
5/25/2018,85,82,73,21,69,77,88,77,84
5/26/2018,79,71,72,54,38,60,64,56,55
5/27/2018,76,73,78,61,38,71,73,71,60
5/28/2018,81,83,82,54,100,81,91,100,81
5/29/2018,87,84,100,46,65,86,91,79,91
5/30/2018,85,80,84,33,97,84,93,75,95
5/31/2018,88,73,80,60,33,71,86,75,98
6/1/2018,75,68,75,27,68,69,89,70,86
