,utc_timestamp,btc_price,btc_volume,utc_time,month,date,hour,year
0,1451606400,435.66,3863.27745054,2016-01-01,1,1,0,2016
1,1451692800,435.4,3276.70962113,2016-01-02,1,2,0,2016
2,1451779200,431.91,3904.32531811,2016-01-03,1,3,0,2016
3,1451865600,433.85,5894.44572317,2016-01-04,1,4,0,2016
4,1451952000,433.34,5150.04947569,2016-01-05,1,5,0,2016
5,1452038400,430.87,5476.86995944,2016-01-06,1,6,0,2016
6,1452124800,459.07,13906.595729,2016-01-07,1,7,0,2016
7,1452211200,454.44,8347.0550396,2016-01-08,1,8,0,2016
8,1452297600,450.38,4247.34865095,2016-01-09,1,9,0,2016
9,1452384000,449.99,3954.32239952,2016-01-10,1,10,0,2016
10,1452470400,449.19,5597.61418315,2016-01-11,1,11,0,2016
11,1452556800,434.01,6596.94545292,2016-01-12,1,12,0,2016
12,1452643200,432.77,9009.14070912,2016-01-13,1,13,0,2016
13,1452729600,430.03,5672.92956245,2016-01-14,1,14,0,2016
14,1452816000,357.53,28641.6535855,2016-01-15,1,15,0,2016
15,1452902400,388.7,17985.1287845,2016-01-16,1,16,0,2016
16,1452988800,378.46,8278.40179348,2016-01-17,1,17,0,2016
17,1453075200,384.89,8711.45975604,2016-01-18,1,18,0,2016
18,1453161600,375.27,8133.05001034,2016-01-19,1,19,0,2016
19,1453248000,418.54,13874.4416593,2016-01-20,1,20,0,2016
20,1453334400,409.38,8736.81379886,2016-01-21,1,21,0,2016
21,1453420800,382.9,13430.1030392,2016-01-22,1,22,0,2016
22,1453507200,387.5,6308.7500222,2016-01-23,1,23,0,2016
23,1453593600,403.05,3550.83177183,2016-01-24,1,24,0,2016
24,1453680000,391.4,6491.99981186,2016-01-25,1,25,0,2016
25,1453766400,391.54,6981.00990035,2016-01-26,1,26,0,2016
26,1453852800,394.79,6324.16419027,2016-01-27,1,27,0,2016
27,1453939200,379.61,9103.71549887,2016-01-28,1,28,0,2016
28,1454025600,378.68,12105.2904369,2016-01-29,1,29,0,2016
29,1454112000,378.46,4154.2964224,2016-01-30,1,30,0,2016
30,1454198400,367.95,5506.51681302,2016-01-31,1,31,0,2016
31,1454284800,371.33,7931.22922922,2016-02-01,2,1,0,2016
32,1454371200,372.93,6856.21815799,2016-02-02,2,2,0,2016
33,1454457600,368.87,7147.95657328,2016-02-03,2,3,0,2016
34,1454544000,387.99,8887.71864398,2016-02-04,2,4,0,2016
35,1454630400,384.5,7443.84433224,2016-02-05,2,5,0,2016
36,1454716800,375.44,6276.64473729,2016-02-06,2,6,0,2016
37,1454803200,377.49,4162.41911131,2016-02-07,2,7,0,2016
38,1454889600,371.14,7094.20857777,2016-02-08,2,8,0,2016
39,1454976000,372.68,8424.5522075,2016-02-09,2,9,0,2016
40,1455062400,378.44,9734.30282475,2016-02-10,2,10,0,2016
41,1455148800,378.23,10412.3637159,2016-02-11,2,11,0,2016
42,1455235200,382.05,6162.12562337,2016-02-12,2,12,0,2016
43,1455321600,391,5978.85647171,2016-02-13,2,13,0,2016
44,1455408000,406.59,7555.16485027,2016-02-14,2,14,0,2016
45,1455494400,398.95,6568.48538284,2016-02-15,2,15,0,2016
46,1455580800,407.42,5647.18557069,2016-02-16,2,16,0,2016
47,1455667200,415.2,8707.1340027,2016-02-17,2,17,0,2016
48,1455753600,421.19,6518.6376118,2016-02-18,2,18,0,2016
49,1455840000,420.72,5800.21753183,2016-02-19,2,19,0,2016
50,1455926400,437.46,9368.57165737,2016-02-20,2,20,0,2016
51,1456012800,438.56,7111.14458641,2016-02-21,2,21,0,2016
52,1456099200,437.55,5131.79988328,2016-02-22,2,22,0,2016
53,1456185600,419.97,9159.03224463,2016-02-23,2,23,0,2016
54,1456272000,423.94,7232.16636528,2016-02-24,2,24,0,2016
55,1456358400,423.54,6049.81811526,2016-02-25,2,25,0,2016
56,1456444800,430.85,6782.03746528,2016-02-26,2,26,0,2016
57,1456531200,433.12,5520.63026894,2016-02-27,2,27,0,2016
58,1456617600,433.73,5149.93009024,2016-02-28,2,28,0,2016
59,1456704000,436.44,7578.8900694,2016-02-29,2,29,0,2016
60,1456790400,433.08,7580.22106278,2016-03-01,3,1,0,2016
61,1456876800,420.39,7437.57843525,2016-03-02,3,2,0,2016
62,1456963200,418.8,11833.7017253,2016-03-03,3,3,0,2016
63,1457049600,407.35,8960.95357184,2016-03-04,3,4,0,2016
64,1457136000,396.08,14903.1477846,2016-03-05,3,5,0,2016
65,1457222400,403.24,7675.13656299,2016-03-06,3,6,0,2016
66,1457308800,412.21,9910.74424239,2016-03-07,3,7,0,2016
67,1457395200,411.18,7501.47649557,2016-03-08,3,8,0,2016
68,1457481600,412.8,5399.23536204,2016-03-09,3,9,0,2016
69,1457568000,415.98,7908.75386749,2016-03-10,3,10,0,2016
70,1457654400,419.39,7041.45814304,2016-03-11,3,11,0,2016
71,1457740800,410.58,6897.105099,2016-03-12,3,12,0,2016
72,1457827200,412.52,4663.32879725,2016-03-13,3,13,0,2016
73,1457913600,415.02,6672.7126524,2016-03-14,3,14,0,2016
74,1458000000,415.41,7355.07959993,2016-03-15,3,15,0,2016
75,1458086400,416.07,6274.8088109,2016-03-16,3,16,0,2016
76,1458172800,418.41,6108.4432848,2016-03-17,3,17,0,2016
77,1458259200,409.65,8597.5867638,2016-03-18,3,18,0,2016
78,1458345600,410.2,4840.13357914,2016-03-19,3,19,0,2016
79,1458432000,411.27,4726.10717472,2016-03-20,3,20,0,2016
80,1458518400,412,6020.51810823,2016-03-21,3,21,0,2016
81,1458604800,416.66,6124.69185606,2016-03-22,3,22,0,2016
82,1458691200,417.53,5506.91945281,2016-03-23,3,23,0,2016
83,1458777600,412.95,5064.58936525,2016-03-24,3,24,0,2016
84,1458864000,416.41,4598.6610383,2016-03-25,3,25,0,2016
85,1458950400,416.97,3641.00285678,2016-03-26,3,26,0,2016
86,1459036800,425.3,4658.09803054,2016-03-27,3,27,0,2016
87,1459123200,423,5717.86007067,2016-03-28,3,28,0,2016
88,1459209600,416.39,7361.85527519,2016-03-29,3,29,0,2016
89,1459296000,412.79,5831.49360379,2016-03-30,3,30,0,2016
90,1459382400,416.03,5235.54278385,2016-03-31,3,31,0,2016
91,1459468800,417.68,5353.91318385,2016-04-01,4,1,0,2016
92,1459555200,419.95,3944.8314839,2016-04-02,4,2,0,2016
93,1459641600,420.16,3266.97381272,2016-04-03,4,3,0,2016
94,1459728000,419.47,5323.83529462,2016-04-04,4,4,0,2016
95,1459814400,422.36,5727.68629636,2016-04-05,4,5,0,2016
96,1459900800,421.46,5211.96140153,2016-04-06,4,6,0,2016
97,1459987200,421.99,5026.13118662,2016-04-07,4,7,0,2016
98,1460073600,419.48,6434.75002615,2016-04-08,4,8,0,2016
99,1460160000,419.46,3519.98911149,2016-04-09,4,9,0,2016
100,1460246400,423.4,2990.03664436,2016-04-10,4,10,0,2016
101,1460332800,423.94,5093.21825161,2016-04-11,4,11,0,2016
102,1460419200,427.8,6997.0235184,2016-04-12,4,12,0,2016
103,1460505600,425.58,5885.04514476,2016-04-13,4,13,0,2016
104,1460592000,426.32,4732.22672175,2016-04-14,4,14,0,2016
105,1460678400,430.93,4184.00939072,2016-04-15,4,15,0,2016
106,1460764800,433.39,4133.98598682,2016-04-16,4,16,0,2016
107,1460851200,431,3299.69395797,2016-04-17,4,17,0,2016
108,1460937600,430.97,5277.32120606,2016-04-18,4,18,0,2016
109,1461024000,437.06,6226.59528073,2016-04-19,4,19,0,2016
110,1461110400,442.96,7150.95669528,2016-04-20,4,20,0,2016
111,1461196800,452.25,7693.43100861,2016-04-21,4,21,0,2016
112,1461283200,448.41,6814.74238744,2016-04-22,4,22,0,2016
113,1461369600,455.69,4618.06715903,2016-04-23,4,23,0,2016
114,1461456000,464.46,6187.5237772,2016-04-24,4,24,0,2016
115,1461542400,466.17,9491.73294853,2016-04-25,4,25,0,2016
116,1461628800,470.59,7471.11556177,2016-04-26,4,26,0,2016
117,1461715200,445.31,11629.4425759,2016-04-27,4,27,0,2016
118,1461801600,451.68,7644.69210461,2016-04-28,4,28,0,2016
119,1461888000,458.82,5965.09735013,2016-04-29,4,29,0,2016
120,1461974400,454.02,4710.2295045,2016-04-30,4,30,0,2016
121,1462060800,456.98,2938.62248747,2016-05-01,5,1,0,2016
122,1462147200,446.42,7694.11823194,2016-05-02,5,2,0,2016
123,1462233600,452.21,5892.43638372,2016-05-03,5,3,0,2016
124,1462320000,448.68,4883.54001476,2016-05-04,5,4,0,2016
125,1462406400,449.98,5335.37691152,2016-05-05,5,5,0,2016
126,1462492800,462.31,6191.74720515,2016-05-06,5,6,0,2016
127,1462579200,461.91,3463.8802064,2016-05-07,5,7,0,2016
128,1462665600,462.79,3275.57794242,2016-05-08,5,8,0,2016
129,1462752000,464.16,5882.86056987,2016-05-09,5,9,0,2016
130,1462838400,452.78,6814.25705519,2016-05-10,5,10,0,2016
131,1462924800,454.37,5746.40549365,2016-05-11,5,11,0,2016
132,1463011200,456.48,6119.04462476,2016-05-12,5,12,0,2016
133,1463097600,457.98,5404.14702972,2016-05-13,5,13,0,2016
134,1463184000,458.9,3295.1597074,2016-05-14,5,14,0,2016
135,1463270400,461.47,3269.84852507,2016-05-15,5,15,0,2016
136,1463356800,455.66,6019.17236655,2016-05-16,5,16,0,2016
137,1463443200,454.19,6033.90842585,2016-05-17,5,17,0,2016
138,1463529600,455.56,5512.26378222,2016-05-18,5,18,0,2016
139,1463616000,438.38,8405.79378924,2016-05-19,5,19,0,2016
140,1463702400,445.65,7178.735362,2016-05-20,5,20,0,2016
141,1463788800,446.28,3945.71821234,2016-05-21,5,21,0,2016
142,1463875200,442.48,3779.57274056,2016-05-22,5,22,0,2016
143,1463961600,445.67,5659.31647218,2016-05-23,5,23,0,2016
144,1464048000,446.99,6536.7824736,2016-05-24,5,24,0,2016
145,1464134400,451.49,6166.40021946,2016-05-25,5,25,0,2016
146,1464220800,454.97,5843.5571198,2016-05-26,5,26,0,2016
147,1464307200,471.27,9887.70448828,2016-05-27,5,27,0,2016
148,1464393600,523.25,12107.1027985,2016-05-28,5,28,0,2016
149,1464480000,525.22,9957.36224318,2016-05-29,5,29,0,2016
150,1464566400,532.55,5960.28363397,2016-05-30,5,30,0,2016
151,1464652800,531.34,8491.50268136,2016-05-31,5,31,0,2016
152,1464739200,534.84,5736.39383224,2016-06-01,6,1,0,2016
153,1464825600,537.87,6329.78902889,2016-06-02,6,2,0,2016
154,1464912000,571.25,10203.6048732,2016-06-03,6,3,0,2016
155,1464998400,576.31,6932.05537817,2016-06-04,6,4,0,2016
156,1465084800,575.17,4984.2494482,2016-06-05,6,5,0,2016
157,1465171200,586.77,6791.12453533,2016-06-06,6,6,0,2016
158,1465257600,579.71,10079.7968417,2016-06-07,6,7,0,2016
159,1465344000,583.21,5661.74917272,2016-06-08,6,8,0,2016
160,1465430400,577.46,4979.63044035,2016-06-09,6,9,0,2016
161,1465516800,580.31,5659.42661659,2016-06-10,6,10,0,2016
162,1465603200,609.5,5542.19525864,2016-06-11,6,11,0,2016
163,1465689600,677.86,17999.1443796,2016-06-12,6,12,0,2016
164,1465776000,706.01,15497.3830706,2016-06-13,6,13,0,2016
165,1465862400,684.95,12443.0955638,2016-06-14,6,14,0,2016
166,1465948800,698.78,7913.03547125,2016-06-15,6,15,0,2016
167,1466035200,769.76,16806.8587376,2016-06-16,6,16,0,2016
168,1466121600,752.26,14007.082451,2016-06-17,6,17,0,2016
169,1466208000,758.99,9594.67758376,2016-06-18,6,18,0,2016
170,1466294400,768.76,5442.63878549,2016-06-19,6,19,0,2016
171,1466380800,703.12,9837.19384715,2016-06-20,6,20,0,2016
172,1466467200,667.66,26110.5788727,2016-06-21,6,21,0,2016
173,1466553600,604.5,15589.0357614,2016-06-22,6,22,0,2016
174,1466640000,631.1,20474.0022089,2016-06-23,6,23,0,2016
175,1466726400,669.98,19078.8453067,2016-06-24,6,24,0,2016
176,1466812800,673.71,7691.55323655,2016-06-25,6,25,0,2016
177,1466899200,638.56,5678.38601546,2016-06-26,6,26,0,2016
178,1466985600,657.87,6624.33980245,2016-06-27,6,27,0,2016
179,1467072000,648.43,5696.74677715,2016-06-28,6,28,0,2016
180,1467158400,639.42,6485.12685807,2016-06-29,6,29,0,2016
181,1467244800,673.49,7764.24646799,2016-06-30,6,30,0,2016
182,1467331200,678.19,6839.68854227,2016-07-01,7,1,0,2016
183,1467417600,704.95,4976.84046916,2016-07-02,7,2,0,2016
184,1467504000,663.55,6495.70846259,2016-07-03,7,3,0,2016
185,1467590400,681.98,4327.4107689,2016-07-04,7,4,0,2016
186,1467676800,669.87,5043.81182652,2016-07-05,7,5,0,2016
187,1467763200,678.79,5668.23807828,2016-07-06,7,6,0,2016
188,1467849600,641.97,12280.7355988,2016-07-07,7,7,0,2016
189,1467936000,667.33,11055.3487417,2016-07-08,7,8,0,2016
190,1468022400,657.61,9607.6959149,2016-07-09,7,9,0,2016
191,1468108800,652.44,3705.89414753,2016-07-10,7,10,0,2016
192,1468195200,650.97,4815.437046,2016-07-11,7,11,0,2016
193,1468281600,666.56,10666.0697138,2016-07-12,7,12,0,2016
194,1468368000,655.34,21879.1292299,2016-07-13,7,13,0,2016
195,1468454400,661.65,4649.64369535,2016-07-14,7,14,0,2016
196,1468540800,667.48,4725.74361249,2016-07-15,7,15,0,2016
197,1468627200,666.32,2907.91682543,2016-07-16,7,16,0,2016
198,1468713600,680,3944.42402405,2016-07-17,7,17,0,2016
199,1468800000,675.5,4547.72178477,2016-07-18,7,18,0,2016
200,1468886400,673.98,3799.77117828,2016-07-19,7,19,0,2016
201,1468972800,666.92,3603.86279956,2016-07-20,7,20,0,2016
202,1469059200,667.28,3967.87180841,2016-07-21,7,21,0,2016
203,1469145600,654.67,7371.96466565,2016-07-22,7,22,0,2016
204,1469232000,657.5,4379.51140552,2016-07-23,7,23,0,2016
205,1469318400,661,3423.08122968,2016-07-24,7,24,0,2016
206,1469404800,657.79,4101.53773839,2016-07-25,7,25,0,2016
207,1469491200,654.06,6470.74022151,2016-07-26,7,26,0,2016
208,1469577600,657.35,5175.14137436,2016-07-27,7,27,0,2016
209,1469664000,657.4,3832.98840948,2016-07-28,7,28,0,2016
210,1469750400,657,4246.21269481,2016-07-29,7,29,0,2016
211,1469836800,655.87,2980.07541508,2016-07-30,7,30,0,2016
212,1469923200,626.97,6299.64138309,2016-07-31,7,31,0,2016
213,1470009600,605.2,7981.71787362,2016-08-01,8,1,0,2016
214,1470096000,537.47,14826.1561598,2016-08-02,8,2,0,2016
215,1470182400,573.36,20292.859717,2016-08-03,8,3,0,2016
216,1470268800,587.5,9514.32837515,2016-08-04,8,4,0,2016
217,1470355200,583,5478.38879554,2016-08-05,8,5,0,2016
218,1470441600,591.71,3907.64881245,2016-08-06,8,6,0,2016
219,1470528000,595.14,3288.58637154,2016-08-07,8,7,0,2016
220,1470614400,591.48,3851.87162424,2016-08-08,8,8,0,2016
221,1470700800,586.45,4817.62624738,2016-08-09,8,9,0,2016
222,1470787200,594.94,9439.69947777,2016-08-10,8,10,0,2016
223,1470873600,587.91,5062.53183761,2016-08-11,8,11,0,2016
224,1470960000,587.74,3870.89068755,2016-08-12,8,12,0,2016
225,1471046400,586.45,2839.68534681,2016-08-13,8,13,0,2016
226,1471132800,574.99,4154.4769823,2016-08-14,8,14,0,2016
227,1471219200,567.79,4403.16173516,2016-08-15,8,15,0,2016
228,1471305600,579.02,4692.46182455,2016-08-16,8,16,0,2016
229,1471392000,574.45,4509.7743737,2016-08-17,8,17,0,2016
230,1471478400,574.09,3964.9884295,2016-08-18,8,18,0,2016
231,1471564800,573.67,4038.30300064,2016-08-19,8,19,0,2016
232,1471651200,581.87,3581.22425349,2016-08-20,8,20,0,2016
233,1471737600,581.29,2442.63374814,2016-08-21,8,21,0,2016
234,1471824000,585.2,4493.42137007,2016-08-22,8,22,0,2016
235,1471910400,582.39,5092.27462505,2016-08-23,8,23,0,2016
236,1471996800,578.47,3857.02318764,2016-08-24,8,24,0,2016
237,1472083200,575.58,4109.11256132,2016-08-25,8,25,0,2016
238,1472169600,579.29,3354.18317104,2016-08-26,8,26,0,2016
239,1472256000,570.84,3059.49308936,2016-08-27,8,27,0,2016
240,1472342400,575.41,2587.45426087,2016-08-28,8,28,0,2016
241,1472428800,573.21,4569.5624841,2016-08-29,8,29,0,2016
242,1472515200,574.95,4175.84646427,2016-08-30,8,30,0,2016
243,1472601600,572.89,4439.62383694,2016-08-31,8,31,0,2016
244,1472688000,573.02,5202.78826579,2016-09-01,9,1,0,2016
245,1472774400,576.21,4827.43459895,2016-09-02,9,2,0,2016
246,1472860800,600.91,4705.7599818,2016-09-03,9,3,0,2016
247,1472947200,611.92,4592.85098189,2016-09-04,9,4,0,2016
248,1473033600,605.69,3010.75003224,2016-09-05,9,5,0,2016
249,1473120000,612.99,4169.69788463,2016-09-06,9,6,0,2016
250,1473206400,615.21,4680.9577166,2016-09-07,9,7,0,2016
251,1473292800,627.97,5225.03677269,2016-09-08,9,8,0,2016
252,1473379200,622.07,4502.86557587,2016-09-09,9,9,0,2016
253,1473465600,623.74,2819.13150751,2016-09-10,9,10,0,2016
254,1473552000,607.94,4289.6247761,2016-09-11,9,11,0,2016
255,1473638400,606.74,3986.14610742,2016-09-12,9,12,0,2016
256,1473724800,608.63,3888.07052292,2016-09-13,9,13,0,2016
257,1473811200,608.43,3744.74317438,2016-09-14,9,14,0,2016
258,1473897600,605.44,3965.6819502,2016-09-15,9,15,0,2016
259,1473984000,607.93,4171.00563277,2016-09-16,9,16,0,2016
260,1474070400,607.92,2942.64908837,2016-09-17,9,17,0,2016
261,1474156800,611.4,3091.45513304,2016-09-18,9,18,0,2016
262,1474243200,608.6,3096.46853792,2016-09-19,9,19,0,2016
263,1474329600,605.6,4601.03284867,2016-09-20,9,20,0,2016
264,1474416000,597,4885.89704059,2016-09-21,9,21,0,2016
265,1474502400,596.21,3998.40601014,2016-09-22,9,22,0,2016
266,1474588800,602.96,3759.0236907,2016-09-23,9,23,0,2016
267,1474675200,603.68,2646.49759755,2016-09-24,9,24,0,2016
268,1474761600,601.67,2577.17870414,2016-09-25,9,25,0,2016
269,1474848000,607.08,4292.32724007,2016-09-26,9,26,0,2016
270,1474934400,605.71,4345.51888885,2016-09-27,9,27,0,2016
271,1475020800,605.04,3710.0120722,2016-09-28,9,28,0,2016
272,1475107200,605.99,4106.82405628,2016-09-29,9,29,0,2016
273,1475193600,608.99,4626.81936993,2016-09-30,9,30,0,2016
274,1475280000,615.65,3480.01593911,2016-10-01,10,1,0,2016
275,1475366400,612.4,2911.8918914,2016-10-02,10,2,0,2016
276,1475452800,612.99,4436.78281505,2016-10-03,10,3,0,2016
277,1475539200,610.34,5060.86312789,2016-10-04,10,4,0,2016
278,1475625600,613.16,4454.40369502,2016-10-05,10,5,0,2016
279,1475712000,611.88,3920.07531583,2016-10-06,10,6,0,2016
280,1475798400,617.98,5119.98889954,2016-10-07,10,7,0,2016
281,1475884800,619.5,2793.95535361,2016-10-08,10,8,0,2016
282,1475971200,617.42,2329.86207734,2016-10-09,10,9,0,2016
283,1476057600,618.72,3896.59582637,2016-10-10,10,10,0,2016
284,1476144000,642.12,6316.46736133,2016-10-11,10,11,0,2016
285,1476230400,635.79,4334.37542579,2016-10-12,10,12,0,2016
286,1476316800,635.66,3829.22781185,2016-10-13,10,13,0,2016
287,1476403200,638.03,4365.82311305,2016-10-14,10,14,0,2016
288,1476489600,638.16,683.79807092,2016-10-15,10,15,0,2016
289,1476576000,641.92,2544.92768739,2016-10-16,10,16,0,2016
290,1476662400,639.56,3950.23167083,2016-10-17,10,17,0,2016
291,1476748800,635.11,4122.09209819,2016-10-18,10,18,0,2016
292,1476835200,629.79,4465.14828834,2016-10-19,10,19,0,2016
293,1476921600,628.05,4170.46626703,2016-10-20,10,20,0,2016
294,1477008000,630.83,4162.76985048,2016-10-21,10,21,0,2016
295,1477094400,652.75,4585.3745212,2016-10-22,10,22,0,2016
296,1477180800,651.04,3075.73956709,2016-10-23,10,23,0,2016
297,1477267200,649.98,3670.47141848,2016-10-24,10,24,0,2016
298,1477353600,654.3,4814.88839172,2016-10-25,10,25,0,2016
299,1477440000,674,5843.13706554,2016-10-26,10,26,0,2016
300,1477526400,691.21,6771.85374768,2016-10-27,10,27,0,2016
301,1477612800,689.95,4409.98654001,2016-10-28,10,28,0,2016
302,1477699200,714.28,6583.49896892,2016-10-29,10,29,0,2016
303,1477785600,697.41,3799.52235609,2016-10-30,10,30,0,2016
304,1477872000,696.9,4474.8370547,2016-10-31,10,31,0,2016
305,1477958400,730.7,6909.18196562,2016-11-01,11,1,0,2016
306,1478044800,744.6,5095.7508538,2016-11-02,11,2,0,2016
307,1478131200,690,10331.3496383,2016-11-03,11,3,0,2016
308,1478217600,706.32,5229.21994603,2016-11-04,11,4,0,2016
309,1478304000,706.99,2999.21458017,2016-11-05,11,5,0,2016
310,1478390400,717.02,3013.17627869,2016-11-06,11,6,0,2016
311,1478476800,706.42,4168.78736342,2016-11-07,11,7,0,2016
312,1478563200,711.15,4358.97948288,2016-11-08,11,8,0,2016
313,1478649600,720.97,12022.2332097,2016-11-09,11,9,0,2016
314,1478736000,712.91,4441.88391256,2016-11-10,11,10,0,2016
315,1478822400,716.9,3363.91577496,2016-11-11,11,11,0,2016
316,1478908800,704.53,3130.22057213,2016-11-12,11,12,0,2016
317,1478995200,704.01,4207.77586806,2016-11-13,11,13,0,2016
318,1479081600,708.32,4818.75334881,2016-11-14,11,14,0,2016
319,1479168000,712.29,4793.81248351,2016-11-15,11,15,0,2016
320,1479254400,739.85,6194.45827544,2016-11-16,11,16,0,2016
321,1479340800,730.71,4171.45353425,2016-11-17,11,17,0,2016
322,1479427200,748.54,4633.63714554,2016-11-18,11,18,0,2016
323,1479513600,750.77,2953.71110824,2016-11-19,11,19,0,2016
324,1479600000,731.99,4322.12503603,2016-11-20,11,20,0,2016
325,1479686400,736.4,2984.94365792,2016-11-21,11,21,0,2016
326,1479772800,746.66,4276.8415765,2016-11-22,11,22,0,2016
327,1479859200,741.52,3626.95652139,2016-11-23,11,23,0,2016
328,1479945600,737.99,3472.6009038,2016-11-24,11,24,0,2016
329,1480032000,739.74,3157.80610663,2016-11-25,11,25,0,2016
330,1480118400,735.7,2706.77529551,2016-11-26,11,26,0,2016
331,1480204800,729.24,2682.66166264,2016-11-27,11,27,0,2016
332,1480291200,729.77,3864.89359081,2016-11-28,11,28,0,2016
333,1480377600,732.37,3807.46258906,2016-11-29,11,29,0,2016
334,1480464000,742.69,3949.90287585,2016-11-30,11,30,0,2016
335,1480550400,754,4190.18991165,2016-12-01,12,1,0,2016
336,1480636800,769.25,6041.03445262,2016-12-02,12,2,0,2016
337,1480723200,766.98,3180.08205342,2016-12-03,12,3,0,2016
338,1480809600,767.99,2759.91257043,2016-12-04,12,4,0,2016
339,1480896000,752,4823.73102661,2016-12-05,12,5,0,2016
340,1480982400,759.8,4499.07355133,2016-12-06,12,6,0,2016
341,1481068800,764.34,4572.32014076,2016-12-07,12,7,0,2016
342,1481155200,767.89,4839.32827769,2016-12-08,12,8,0,2016
343,1481241600,773.22,3932.48059277,2016-12-09,12,9,0,2016
344,1481328000,775.87,3365.89926147,2016-12-10,12,10,0,2016
345,1481414400,771.05,3105.09201254,2016-12-11,12,11,0,2016
346,1481500800,778.94,4390.03689871,2016-12-12,12,12,0,2016
347,1481587200,776.18,5414.74074479,2016-12-13,12,13,0,2016
348,1481673600,777.66,4486.58460305,2016-12-14,12,14,0,2016
349,1481760000,776.16,5927.48786136,2016-12-15,12,15,0,2016
350,1481846400,780.98,5719.66238907,2016-12-16,12,16,0,2016
351,1481932800,788.57,4364.33037091,2016-12-17,12,17,0,2016
352,1482019200,790.72,2847.04584842,2016-12-18,12,18,0,2016
353,1482105600,790.81,5496.38381127,2016-12-19,12,19,0,2016
354,1482192000,798.99,5925.20060127,2016-12-20,12,20,0,2016
355,1482278400,834.5,8432.75064959,2016-12-21,12,21,0,2016
356,1482364800,856.02,8778.21064087,2016-12-22,12,22,0,2016
357,1482451200,917.26,12735.1742109,2016-12-23,12,23,0,2016
358,1482537600,891.5,6458.02976682,2016-12-24,12,24,0,2016
359,1482624000,896.12,5380.14745659,2016-12-25,12,25,0,2016
360,1482710400,902.09,3297.89675509,2016-12-26,12,26,0,2016
361,1482796800,925.2,6719.93913102,2016-12-27,12,27,0,2016
362,1482883200,982.17,9792.32683129,2016-12-28,12,28,0,2016
363,1482969600,970.72,8997.85901622,2016-12-29,12,29,0,2016
364,1483056000,960.81,7945.76302017,2016-12-30,12,30,0,2016
365,1483142400,973.37,3837.28788592,2016-12-31,12,31,0,2016
366,1483228800,992.95,4421.50288283,2017-01-01,1,1,0,2017
367,1483315200,1011.45,7723.63575162,2017-01-02,1,2,0,2017
368,1483401600,1020.67,8614.25005814,2017-01-03,1,3,0,2017
369,1483488000,1130.3,16222.2302667,2017-01-04,1,4,0,2017
370,1483574400,1007,20446.3956155,2017-01-05,1,5,0,2017
371,1483660800,895.71,14262.5042671,2017-01-06,1,6,0,2017
372,1483747200,909,11215.1028517,2017-01-07,1,7,0,2017
373,1483833600,923.33,5410.00349909,2017-01-08,1,8,0,2017
374,1483920000,902.66,5909.57812167,2017-01-09,1,9,0,2017
375,1484006400,907,7220.1643604,2017-01-10,1,10,0,2017
376,1484092800,795.77,19443.3965569,2017-01-11,1,11,0,2017
377,1484179200,812.25,13200.4228751,2017-01-12,1,12,0,2017
378,1484265600,831.42,10492.63371,2017-01-13,1,13,0,2017
379,1484352000,828,4774.30377561,2017-01-14,1,14,0,2017
380,1484438400,833.31,2941.91504862,2017-01-15,1,15,0,2017
381,1484524800,834.41,3428.79193045,2017-01-16,1,16,0,2017
382,1484611200,906,7253.4785706,2017-01-17,1,17,0,2017
383,1484697600,887.99,6937.98652365,2017-01-18,1,18,0,2017
384,1484784000,902.92,5070.18463001,2017-01-19,1,19,0,2017
385,1484870400,894.31,3110.58974194,2017-01-20,1,20,0,2017
386,1484956800,925.06,4666.66088887,2017-01-21,1,21,0,2017
387,1485043200,931.22,5044.14354801,2017-01-22,1,22,0,2017
388,1485129600,910.7,4141.43227389,2017-01-23,1,23,0,2017
389,1485216000,887,6401.73515269,2017-01-24,1,24,0,2017
390,1485302400,896,4535.10457614,2017-01-25,1,25,0,2017
391,1485388800,917.02,4718.08253344,2017-01-26,1,26,0,2017
392,1485475200,922.63,3719.06548579,2017-01-27,1,27,0,2017
393,1485561600,924.98,2634.53799739,2017-01-28,1,28,0,2017
394,1485648000,916.54,2592.34365375,2017-01-29,1,29,0,2017
395,1485734400,923.23,3621.54286203,2017-01-30,1,30,0,2017
396,1485820800,970.01,6732.26278664,2017-01-31,1,31,0,2017
397,1485907200,992.75,5993.62596645,2017-02-01,2,1,0,2017
398,1485993600,1008.38,5728.21238077,2017-02-02,2,2,0,2017
399,1486080000,1018,6776.26971846,2017-02-03,2,3,0,2017
400,1486166400,1035.54,4793.80522616,2017-02-04,2,4,0,2017
401,1486252800,1016.32,4621.39169086,2017-02-05,2,5,0,2017
402,1486339200,1022.58,4366.04360084,2017-02-06,2,6,0,2017
403,1486425600,1053.96,5492.40880901,2017-02-07,2,7,0,2017
404,1486512000,1056.7,6978.83071994,2017-02-08,2,8,0,2017
405,1486598400,994.24,16568.747804,2017-02-09,2,9,0,2017
406,1486684800,1001.99,7943.67633678,2017-02-10,2,10,0,2017
407,1486771200,1018.65,4321.97059564,2017-02-11,2,11,0,2017
408,1486857600,1010,1315.7295579,2017-02-12,2,12,0,2017
409,1486944000,1002.82,4721.74058283,2017-02-13,2,13,0,2017
410,1487030400,1013.92,5910.49032795,2017-02-14,2,14,0,2017
411,1487116800,1014.53,4494.35016842,2017-02-15,2,15,0,2017
412,1487203200,1038.94,5996.29323251,2017-02-16,2,16,0,2017
413,1487289600,1057.3,6334.69845378,2017-02-17,2,17,0,2017
414,1487376000,1062.15,3934.74788542,2017-02-18,2,18,0,2017
415,1487462400,1059.88,3025.41424506,2017-02-19,2,19,0,2017
416,1487548800,1089.82,4434.4419852,2017-02-20,2,20,0,2017
417,1487635200,1128.29,7487.52401771,2017-02-21,2,21,0,2017
418,1487721600,1128.71,6035.82346759,2017-02-22,2,22,0,2017
419,1487808000,1186.9,7574.4599592,2017-02-23,2,23,0,2017
420,1487894400,1186.91,12745.7974485,2017-02-24,2,24,0,2017
421,1487980800,1158,6032.89242829,2017-02-25,2,25,0,2017
422,1488067200,1184.91,4454.44399496,2017-02-26,2,26,0,2017
423,1488153600,1195.81,5776.45621667,2017-02-27,2,27,0,2017
424,1488240000,1195.08,6720.38236942,2017-02-28,2,28,0,2017
425,1488326400,1230,8122.93568298,2017-03-01,3,1,0,2017
426,1488412800,1269.17,8940.26335112,2017-03-02,3,2,0,2017
427,1488499200,1292.86,8290.62821009,2017-03-03,3,3,0,2017
428,1488585600,1273.97,6385.03090633,2017-03-04,3,4,0,2017
429,1488672000,1278.98,3996.53386765,2017-03-05,3,5,0,2017
430,1488758400,1284.99,4763.57331155,2017-03-06,3,6,0,2017
431,1488844800,1237.36,10811.1348034,2017-03-07,3,7,0,2017
432,1488931200,1150.22,13017.1173199,2017-03-08,3,8,0,2017
433,1489017600,1197.3,8524.45513332,2017-03-09,3,9,0,2017
434,1489104000,1109.01,25691.112394,2017-03-10,3,10,0,2017
435,1489190400,1188.11,10281.2381495,2017-03-11,3,11,0,2017
436,1489276800,1235.58,6729.15133551,2017-03-12,3,12,0,2017
437,1489363200,1245.49,9584.32571861,2017-03-13,3,13,0,2017
438,1489449600,1247.42,7464.22289536,2017-03-14,3,14,0,2017
439,1489536000,1263,7273.3089643,2017-03-15,3,15,0,2017
440,1489622400,1175.11,16599.2897102,2017-03-16,3,16,0,2017
441,1489708800,1069.57,19217.4427145,2017-03-17,3,17,0,2017
442,1489795200,970,23968.4839649,2017-03-18,3,18,0,2017
443,1489881600,1019.49,13516.8895138,2017-03-19,3,19,0,2017
444,1489968000,1044.96,8919.41542151,2017-03-20,3,20,0,2017
445,1490054400,1114.42,12493.1583034,2017-03-21,3,21,0,2017
446,1490140800,1034.57,14577.9100235,2017-03-22,3,22,0,2017
447,1490227200,1025.14,7782.58744987,2017-03-23,3,23,0,2017
448,1490313600,934.87,18998.3161701,2017-03-24,3,24,0,2017
449,1490400000,963.72,16665.0997143,2017-03-25,3,25,0,2017
450,1490486400,973.08,9503.60859053,2017-03-26,3,26,0,2017
451,1490572800,1042.08,10235.0676889,2017-03-27,3,27,0,2017
452,1490659200,1045.4,9055.35196409,2017-03-28,3,28,0,2017
453,1490745600,1043.27,8676.30276913,2017-03-29,3,29,0,2017
454,1490832000,1042.34,8312.81365608,2017-03-30,3,30,0,2017
455,1490918400,1088.99,11274.0990776,2017-03-31,3,31,0,2017
456,1491004800,1092,6726.97042802,2017-04-01,4,1,0,2017
457,1491091200,1113.99,7882.35425504,2017-04-02,4,2,0,2017
458,1491177600,1152.6,12694.078609,2017-04-03,4,3,0,2017
459,1491264000,1143.99,8959.60337266,2017-04-04,4,4,0,2017
460,1491350400,1132.99,8705.92018413,2017-04-05,4,5,0,2017
461,1491436800,1192.3,11233.4867208,2017-04-06,4,6,0,2017
462,1491523200,1194,6984.36797928,2017-04-07,4,7,0,2017
463,1491609600,1184.5,4423.10758142,2017-04-08,4,8,0,2017
464,1491696000,1210.97,5819.84128162,2017-04-09,4,9,0,2017
465,1491782400,1210,5644.96147616,2017-04-10,4,10,0,2017
466,1491868800,1223.99,5481.08329834,2017-04-11,4,11,0,2017
467,1491955200,1214.17,6494.15156162,2017-04-12,4,12,0,2017
468,1492041600,1177.05,9426.5374569,2017-04-13,4,13,0,2017
469,1492128000,1173.74,5666.2749436,2017-04-14,4,14,0,2017
470,1492214400,1178.85,3972.00314582,2017-04-15,4,15,0,2017
471,1492300800,1177.99,3084.52503854,2017-04-16,4,16,0,2017
472,1492387200,1189.91,6548.06656297,2017-04-17,4,17,0,2017
473,1492473600,1201.94,6269.90926487,2017-04-18,4,18,0,2017
474,1492560000,1214.21,6273.61537614,2017-04-19,4,19,0,2017
475,1492646400,1236.15,7747.13509693,2017-04-20,4,20,0,2017
476,1492732800,1249.99,6669.14516894,2017-04-21,4,21,0,2017
477,1492819200,1247,6147.32768133,2017-04-22,4,22,0,2017
478,1492905600,1251.98,5023.52597801,2017-04-23,4,23,0,2017
479,1492992000,1257.29,5906.25903817,2017-04-24,4,24,0,2017
480,1493078400,1281.16,8117.26363375,2017-04-25,4,25,0,2017
481,1493164800,1298.44,9597.48415756,2017-04-26,4,26,0,2017
482,1493251200,1349.26,10484.9236159,2017-04-27,4,27,0,2017
483,1493337600,1353.34,14008.4467168,2017-04-28,4,28,0,2017
484,1493424000,1365.43,9668.98577868,2017-04-29,4,29,0,2017
485,1493510400,1384.55,10541.609917,2017-04-30,4,30,0,2017
486,1493596800,1436.5,16992.300997,2017-05-01,5,1,0,2017
487,1493683200,1471.99,12031.5841906,2017-05-02,5,2,0,2017
488,1493769600,1533,16319.0050969,2017-05-03,5,3,0,2017
489,1493856000,1563.39,26721.1059227,2017-05-04,5,4,0,2017
490,1493942400,1551.3,16888.1613287,2017-05-05,5,5,0,2017
491,1494028800,1585.39,9367.70501254,2017-05-06,5,6,0,2017
492,1494115200,1609.57,11737.5699792,2017-05-07,5,7,0,2017
493,1494201600,1713,15894.9200644,2017-05-08,5,8,0,2017
494,1494288000,1720.43,19878.9688314,2017-05-09,5,9,0,2017
495,1494374400,1794.99,13458.2371766,2017-05-10,5,10,0,2017
496,1494460800,1837.93,15726.1046034,2017-05-11,5,11,0,2017
497,1494547200,1695.61,16526.2953524,2017-05-12,5,12,0,2017
498,1494633600,1792.73,12379.8559981,2017-05-13,5,13,0,2017
499,1494720000,1799.99,6806.48511914,2017-05-14,5,14,0,2017
500,1494806400,1747.81,10191.8542489,2017-05-15,5,15,0,2017
501,1494892800,1777.48,11414.5087423,2017-05-16,5,16,0,2017
502,1494979200,1813.23,13813.1014377,2017-05-17,5,17,0,2017
503,1495065600,1899.16,11390.3343589,2017-05-18,5,18,0,2017
504,1495152000,1976.23,18968.8687008,2017-05-19,5,19,0,2017
505,1495238400,2058.91,13175.2827136,2017-05-20,5,20,0,2017
506,1495324800,2057,17762.4843911,2017-05-21,5,21,0,2017
507,1495411200,2123.29,29431.5243462,2017-05-22,5,22,0,2017
508,1495497600,2272.75,17640.9385159,2017-05-23,5,23,0,2017
509,1495584000,2432.97,24659.7142538,2017-05-24,5,24,0,2017
510,1495670400,2355,37192.6134135,2017-05-25,5,25,0,2017
511,1495756800,2272.7,31755.772624,2017-05-26,5,26,0,2017
512,1495843200,2099.99,32466.1708643,2017-05-27,5,27,0,2017
513,1495929600,2232.78,18342.6819711,2017-05-28,5,28,0,2017
514,1496016000,2279.48,16926.3445728,2017-05-29,5,29,0,2017
515,1496102400,2191.58,20915.9999948,2017-05-30,5,30,0,2017
516,1496188800,2303.29,21726.930856,2017-05-31,5,31,0,2017
517,1496275200,2419.99,21390.3350433,2017-06-01,6,1,0,2017
518,1496361600,2478.99,12890.6588437,2017-06-02,6,2,0,2017
519,1496448000,2548.05,13441.8887977,2017-06-03,6,3,0,2017
520,1496534400,2521.36,13819.3826647,2017-06-04,6,4,0,2017
521,1496620800,2698,13599.7689043,2017-06-05,6,5,0,2017
522,1496707200,2871.29,28609.0619837,2017-06-06,6,6,0,2017
523,1496793600,2685.64,19476.1836909,2017-06-07,6,7,0,2017
524,1496880000,2799.73,13453.6891597,2017-06-08,6,8,0,2017
525,1496966400,2811.39,11440.3356156,2017-06-09,6,9,0,2017
526,1497052800,2931.15,18734.0319055,2017-06-10,6,10,0,2017
527,1497139200,2998.98,16294.2930364,2017-06-11,6,11,0,2017
528,1497225600,2655.71,38941.1821433,2017-06-12,6,12,0,2017
529,1497312000,2709.01,19716.9741915,2017-06-13,6,13,0,2017
530,1497398400,2432.21,28254.3848577,2017-06-14,6,14,0,2017
531,1497484800,2409.98,42025.0418809,2017-06-15,6,15,0,2017
532,1497571200,2480.43,21891.9577182,2017-06-16,6,16,0,2017
533,1497657600,2634.94,17601.3041096,2017-06-17,6,17,0,2017
534,1497744000,2515.25,13831.5886485,2017-06-18,6,18,0,2017
535,1497830400,2596.98,13928.5586851,2017-06-19,6,19,0,2017
536,1497916800,2725.08,19229.2606607,2017-06-20,6,20,0,2017
537,1498003200,2643.35,18062.0700841,2017-06-21,6,21,0,2017
538,1498089600,2679.99,12179.5537823,2017-06-22,6,22,0,2017
539,1498176000,2690.76,9674.14014661,2017-06-23,6,23,0,2017
540,1498262400,2574.84,12808.467965,2017-06-24,6,24,0,2017
541,1498348800,2505.61,13739.1713358,2017-06-25,6,25,0,2017
542,1498435200,2407.91,20262.762153,2017-06-26,6,26,0,2017
543,1498521600,2575.75,22151.5196208,2017-06-27,6,27,0,2017
544,1498608000,2553.12,16240.954621,2017-06-28,6,28,0,2017
545,1498694400,2530,9048.16102048,2017-06-29,6,29,0,2017
546,1498780800,2455.19,11860.9594359,2017-06-30,6,30,0,2017
547,1498867200,2423.63,8448.08879856,2017-07-01,7,1,0,2017
548,1498953600,2516.66,9098.28919886,2017-07-02,7,2,0,2017
549,1499040000,2542.41,10045.8228211,2017-07-03,7,3,0,2017
550,1499126400,2602,10680.5652217,2017-07-04,7,4,0,2017
551,1499212800,2616.96,10183.6301032,2017-07-05,7,5,0,2017
552,1499299200,2604.84,8207.23365198,2017-07-06,7,6,0,2017
553,1499385600,2501.15,11640.7815712,2017-07-07,7,7,0,2017
554,1499472000,2561.11,7869.88131277,2017-07-08,7,8,0,2017
555,1499558400,2508.99,5647.43426949,2017-07-09,7,9,0,2017
556,1499644800,2331.05,15554.0050949,2017-07-10,7,10,0,2017
557,1499731200,2310.01,15670.5506472,2017-07-11,7,11,0,2017
558,1499817600,2383.42,13834.4719746,2017-07-12,7,12,0,2017
559,1499904000,2340,9541.53943311,2017-07-13,7,13,0,2017
560,1499990400,2217.24,13548.8778099,2017-07-14,7,14,0,2017
561,1500076800,1964.31,16334.5896472,2017-07-15,7,15,0,2017
562,1500163200,1911.78,21740.8927403,2017-07-16,7,16,0,2017
563,1500249600,2235.19,21436.7645371,2017-07-17,7,17,0,2017
564,1500336000,2308.15,23784.9698291,2017-07-18,7,18,0,2017
565,1500422400,2258.99,18567.4761125,2017-07-19,7,19,0,2017
566,1500508800,2873.48,36509.1678742,2017-07-20,7,20,0,2017
567,1500595200,2657.45,23062.094945,2017-07-21,7,21,0,2017
568,1500681600,2825.27,12225.6176368,2017-07-22,7,22,0,2017
569,1500768000,2754.28,10194.9747502,2017-07-23,7,23,0,2017
570,1500854400,2762.26,8105.64511248,2017-07-24,7,24,0,2017
571,1500940800,2564,19195.5526074,2017-07-25,7,25,0,2017
572,1501027200,2525.99,13015.8552187,2017-07-26,7,26,0,2017
573,1501113600,2664.99,10034.5270657,2017-07-27,7,27,0,2017
574,1501200000,2786.07,17189.246742,2017-07-28,7,28,0,2017
575,1501286400,2700.21,9860.13224068,2017-07-29,7,29,0,2017
576,1501372800,2723.99,8453.322768,2017-07-30,7,30,0,2017
577,1501459200,2856.88,11460.1802407,2017-07-31,7,31,0,2017
578,1501545600,2732.59,9772.96947501,2017-08-01,8,1,0,2017
579,1501632000,2699.9,8422.27537735,2017-08-02,8,2,0,2017
580,1501718400,2787.02,7425.95745626,2017-08-03,8,3,0,2017
581,1501804800,2857.34,7714.98047973,2017-08-04,8,4,0,2017
582,1501891200,3243.49,21614.6006112,2017-08-05,8,5,0,2017
583,1501977600,3222.22,8666.20078218,2017-08-06,8,6,0,2017
584,1502064000,3398.23,11324.9162028,2017-08-07,8,7,0,2017
585,1502150400,3422.43,16013.9334827,2017-08-08,8,8,0,2017
586,1502236800,3342.8,13076.1462708,2017-08-09,8,9,0,2017
587,1502323200,3444.98,9348.35914865,2017-08-10,8,10,0,2017
588,1502409600,3656.15,15315.7523613,2017-08-11,8,11,0,2017
589,1502496000,3874,18972.1433559,2017-08-12,8,12,0,2017
590,1502582400,4060.47,23522.1419857,2017-08-13,8,13,0,2017
591,1502668800,4320.6,20059.9619684,2017-08-14,8,14,0,2017
592,1502755200,4159.93,32018.0682205,2017-08-15,8,15,0,2017
593,1502841600,4370.01,17969.6262063,2017-08-16,8,16,0,2017
594,1502928000,4280.01,19980.891605,2017-08-17,8,17,0,2017
595,1503014400,4101.72,20823.0514155,2017-08-18,8,18,0,2017
596,1503100800,4157.41,10502.7408246,2017-08-19,8,19,0,2017
597,1503187200,4050.99,8331.87235879,2017-08-20,8,20,0,2017
598,1503273600,4002,12417.6570756,2017-08-21,8,21,0,2017
599,1503360000,4092,21921.7790475,2017-08-22,8,22,0,2017
600,1503446400,4143.49,11746.0041498,2017-08-23,8,23,0,2017
601,1503532800,4312.03,10247.9842091,2017-08-24,8,24,0,2017
602,1503619200,4360,10918.7797284,2017-08-25,8,25,0,2017
603,1503705600,4344.32,6146.47876206,2017-08-26,8,26,0,2017
604,1503792000,4340.11,7041.34420177,2017-08-27,8,27,0,2017
605,1503878400,4384.99,10452.6038207,2017-08-28,8,28,0,2017
606,1503964800,4599,14509.9581238,2017-08-29,8,29,0,2017
607,1504051200,4581.98,10383.4343046,2017-08-30,8,30,0,2017
608,1504137600,4743.94,13628.4577781,2017-08-31,8,31,0,2017
609,1504224000,4947.99,16759.1436084,2017-09-01,9,1,0,2017
610,1504310400,4649.99,19577.1887455,2017-09-02,9,2,0,2017
611,1504396800,4626.05,11568.8587654,2017-09-03,9,3,0,2017
612,1504483200,4498.25,20518.8844828,2017-09-04,9,4,0,2017
613,1504569600,4432.51,17315.430192,2017-09-05,9,5,0,2017
614,1504656000,4616.18,16174.3043311,2017-09-06,9,6,0,2017
615,1504742400,4624.18,8455.04147983,2017-09-07,9,7,0,2017
616,1504828800,4350,22102.2791254,2017-09-08,9,8,0,2017
617,1504915200,4334.36,10073.8955867,2017-09-09,9,9,0,2017
618,1505001600,4251.36,10076.1287867,2017-09-10,9,10,0,2017
619,1505088000,4210.72,9068.25507562,2017-09-11,9,11,0,2017
620,1505174400,4164.52,12373.3985777,2017-09-12,9,12,0,2017
621,1505260800,3855.32,22842.5322555,2017-09-13,9,13,0,2017
622,1505347200,3250.4,36338.0272475,2017-09-14,9,14,0,2017
623,1505433600,3740.02,54488.4824195,2017-09-15,9,15,0,2017
624,1505520000,3726.51,19031.6759722,2017-09-16,9,16,0,2017
625,1505606400,3719.97,11718.8802017,2017-09-17,9,17,0,2017
626,1505692800,4100,16906.72339,2017-09-18,9,18,0,2017
627,1505779200,3910.11,13781.1553864,2017-09-19,9,19,0,2017
628,1505865600,3872.06,9910.40111429,2017-09-20,9,20,0,2017
629,1505952000,3617.47,14978.485426,2017-09-21,9,21,0,2017
630,1506038400,3619.01,12648.8213008,2017-09-22,9,22,0,2017
631,1506124800,3787.33,6595.93530667,2017-09-23,9,23,0,2017
632,1506211200,3669.01,4692.79090244,2017-09-24,9,24,0,2017
633,1506297600,3919.78,9583.73758911,2017-09-25,9,25,0,2017
634,1506384000,3885.09,5893.22353833,2017-09-26,9,26,0,2017
635,1506470400,4200,12072.6686957,2017-09-27,9,27,0,2017
636,1506556800,4189.42,7897.17689054,2017-09-28,9,28,0,2017
637,1506643200,4156.99,10360.8338807,2017-09-29,9,29,0,2017
638,1506729600,4339,6235.07845604,2017-09-30,9,30,0,2017
639,1506816000,4394.81,5366.91196997,2017-10-01,10,1,0,2017
640,1506902400,4392.71,8647.52799194,2017-10-02,10,2,0,2017
641,1506988800,4307.99,10606.1062194,2017-10-03,10,3,0,2017
642,1507075200,4214.84,6555.27096872,2017-10-04,10,4,0,2017
643,1507161600,4320.04,6482.32778439,2017-10-05,10,5,0,2017
644,1507248000,4362.99,6441.72560363,2017-10-06,10,6,0,2017
645,1507334400,4425,4178.25089288,2017-10-07,10,7,0,2017
646,1507420800,4603.49,7158.20027956,2017-10-08,10,8,0,2017
647,1507507200,4769.55,14273.8234288,2017-10-09,10,9,0,2017
648,1507593600,4750,13709.6430625,2017-10-10,10,10,0,2017
649,1507680000,4814.99,7238.87876179,2017-10-11,10,11,0,2017
650,1507766400,5440,20097.6884551,2017-10-12,10,12,0,2017
651,1507852800,5624.8,26595.7622529,2017-10-13,10,13,0,2017
652,1507939200,5819.13,8999.20367594,2017-10-14,10,14,0,2017
653,1508025600,5693.7,11817.3282878,2017-10-15,10,15,0,2017
654,1508112000,5754.9,8820.35537892,2017-10-16,10,16,0,2017
655,1508198400,5594,9119.3617695,2017-10-17,10,17,0,2017
656,1508284800,5574.44,17620.4415044,2017-10-18,10,18,0,2017
657,1508371200,5704.01,8908.55652227,2017-10-19,10,19,0,2017
658,1508457600,5989.1,16708.981564,2017-10-20,10,20,0,2017
659,1508544000,6024.86,14612.7214677,2017-10-21,10,21,0,2017
660,1508630400,6005.05,10770.4295129,2017-10-22,10,22,0,2017
661,1508716800,5905.99,16446.7833306,2017-10-23,10,23,0,2017
662,1508803200,5525.43,18281.0651877,2017-10-24,10,24,0,2017
663,1508889600,5739.97,14150.9863184,2017-10-25,10,25,0,2017
664,1508976000,5891.61,11850.8271882,2017-10-26,10,26,0,2017
665,1509062400,5780,9337.84412481,2017-10-27,10,27,0,2017
666,1509148800,5752.01,5453.79798889,2017-10-28,10,28,0,2017
667,1509235200,6140.01,12509.8551509,2017-10-29,10,29,0,2017
668,1509321600,6124.16,8341.53244599,2017-10-30,10,30,0,2017
669,1509408000,6445.01,15024.495585,2017-10-31,10,31,0,2017
670,1509494400,6783.69,20571.5532018,2017-11-01,11,1,0,2017
671,1509580800,7039.98,35889.176597,2017-11-02,11,2,0,2017
672,1509667200,7170.01,24759.331306,2017-11-03,11,3,0,2017
673,1509753600,7412.55,13668.8954486,2017-11-04,11,4,0,2017
674,1509840000,7392,16504.9576486,2017-11-05,11,5,0,2017
675,1509926400,6969.76,24287.5209139,2017-11-06,11,6,0,2017
676,1510012800,7126.63,14503.2823221,2017-11-07,11,7,0,2017
677,1510099200,7467.96,38183.6275897,2017-11-08,11,8,0,2017
678,1510185600,7156,18059.3500696,2017-11-09,11,9,0,2017
679,1510272000,6577.62,34071.7776951,2017-11-10,11,10,0,2017
680,1510358400,6346.7,25649.5670794,2017-11-11,11,11,0,2017
681,1510444800,5886.35,52486.384947,2017-11-12,11,12,0,2017
682,1510531200,6535.87,36435.2441292,2017-11-13,11,13,0,2017
683,1510617600,6605,20256.4329938,2017-11-14,11,14,0,2017
684,1510704000,7294,27878.0120973,2017-11-15,11,15,0,2017
685,1510790400,7838.53,29352.7761506,2017-11-16,11,16,0,2017
686,1510876800,7714.71,25031.0481273,2017-11-17,11,17,0,2017
687,1510963200,7777.01,14707.5368442,2017-11-18,11,18,0,2017
688,1511049600,8031.82,14765.8496356,2017-11-19,11,19,0,2017
689,1511136000,8256.01,15693.2142612,2017-11-20,11,20,0,2017
690,1511222400,8109,31250.1607478,2017-11-21,11,21,0,2017
691,1511308800,8250,13690.7317595,2017-11-22,11,22,0,2017
692,1511395200,8031.16,11919.9167007,2017-11-23,11,23,0,2017
693,1511481600,8215.01,14748.6808379,2017-11-24,11,24,0,2017
694,1511568000,8795.5,16482.3278585,2017-11-25,11,25,0,2017
695,1511654400,9401.11,28641.4104072,2017-11-26,11,26,0,2017
696,1511740800,9768.71,25683.3262464,2017-11-27,11,27,0,2017
697,1511827200,9949,18958.8955128,2017-11-28,11,28,0,2017
698,1511913600,9935.98,70209.1988295,2017-11-29,11,29,0,2017
699,1512000000,9903,42531.4877606,2017-11-30,11,30,0,2017
700,1512086400,10869.84,33257.4309824,2017-12-01,12,1,0,2017
701,1512172800,10930.24,20197.0181015,2017-12-02,12,2,0,2017
702,1512259200,11290,31415.6508423,2017-12-03,12,3,0,2017
703,1512345600,11643.98,20180.7865291,2017-12-04,12,4,0,2017
704,1512432000,11718.35,17711.4681156,2017-12-05,12,5,0,2017
705,1512518400,14090,51353.202759,2017-12-06,12,6,0,2017
706,1512604800,17390.01,84513.1118583,2017-12-07,12,7,0,2017
707,1512691200,16367.03,68496.8915995,2017-12-08,12,8,0,2017
708,1512777600,15309.98,41168.5969397,2017-12-09,12,9,0,2017
709,1512864000,15290.01,52871.3142499,2017-12-10,12,10,0,2017
710,1512950400,16885.76,41163.6536113,2017-12-11,12,11,0,2017
711,1513036800,17730.12,38218.8448214,2017-12-12,12,12,0,2017
712,1513123200,16689.61,31844.2043886,2017-12-13,12,13,0,2017
713,1513209600,16749.78,16329.3035002,2017-12-14,12,14,0,2017
714,1513296000,17738.67,28605.2993344,2017-12-15,12,15,0,2017
715,1513382400,19650.01,24840.1150026,2017-12-16,12,16,0,2017
716,1513468800,19378.99,21467.9005805,2017-12-17,12,17,0,2017
717,1513555200,19039.01,26383.8582118,2017-12-18,12,18,0,2017
718,1513641600,17838.73,32145.8104764,2017-12-19,12,19,0,2017
719,1513728000,16496.89,47979.1030073,2017-12-20,12,20,0,2017
720,1513814400,15758.8,28737.595033,2017-12-21,12,21,0,2017
721,1513900800,14210.57,103036.535742,2017-12-22,12,22,0,2017
722,1513987200,15075.89,30793.2141522,2017-12-23,12,23,0,2017
723,1514073600,14221.94,24834.8206679,2017-12-24,12,24,0,2017
724,1514160000,14171.98,15425.3469508,2017-12-25,12,25,0,2017
725,1514246400,15790.88,22462.5640118,2017-12-26,12,26,0,2017
726,1514332800,15367.08,24953.2628692,2017-12-27,12,27,0,2017
727,1514419200,14450.01,31266.7562269,2017-12-28,12,28,0,2017
728,1514505600,14565.05,18474.9478233,2017-12-29,12,29,0,2017
729,1514592000,12839.99,28780.6895595,2017-12-30,12,30,0,2017
730,1514678400,13863.13,18604.1839779,2017-12-31,12,31,0,2017
731,1514764800,13480.01,12292.1532978,2018-01-01,1,1,0,2018
732,1514851200,14781.51,26387.7941345,2018-01-02,1,2,0,2018
733,1514937600,15098.14,17867.7021315,2018-01-03,1,3,0,2018
734,1515024000,15144.99,20010.4349645,2018-01-04,1,4,0,2018
735,1515110400,16960.01,22917.017646,2018-01-05,1,5,0,2018
736,1515196800,17098.99,14104.1814644,2018-01-06,1,6,0,2018
737,1515283200,16174.22,12341.0708489,2018-01-07,1,7,0,2018
738,1515369600,14993.74,23150.4676164,2018-01-08,1,8,0,2018
739,1515456000,14480.99,15382.5309791,2018-01-09,1,9,0,2018
740,1515542400,14875.18,22654.6316807,2018-01-10,1,10,0,2018
741,1515628800,13308.06,28879.8665108,2018-01-11,1,11,0,2018
742,1515715200,13820,14816.7472055,2018-01-12,1,12,0,2018
743,1515801600,14187.95,10490.8238238,2018-01-13,1,13,0,2018
744,1515888000,13656.23,10783.3931381,2018-01-14,1,14,0,2018
745,1515974400,13590,10511.6850731,2018-01-15,1,15,0,2018
746,1516060800,11570.01,62196.5350323,2018-01-16,1,16,0,2018
747,1516147200,11200.01,63957.2301891,2018-01-17,1,17,0,2018
748,1516233600,11305.53,30134.6418262,2018-01-18,1,18,0,2018
749,1516320000,11498.99,15959.3087617,2018-01-19,1,19,0,2018
750,1516406400,12762.8,18749.8903933,2018-01-20,1,20,0,2018
751,1516492800,11518.17,16425.3115141,2018-01-21,1,21,0,2018
752,1516579200,10766.7,24352.4702715,2018-01-22,1,22,0,2018
753,1516665600,10824.94,21897.0022297,2018-01-23,1,23,0,2018
754,1516752000,11356.79,15159.462983,2018-01-24,1,24,0,2018
755,1516838400,11118,13801.7896,2018-01-25,1,25,0,2018
756,1516924800,11086.89,19343.271954,2018-01-26,1,26,0,2018
757,1517011200,11319,12301.085315,2018-01-27,1,27,0,2018
758,1517097600,11536,13684.8690451,2018-01-28,1,28,0,2018
759,1517184000,11123.01,11162.5359482,2018-01-29,1,29,0,2018
760,1517270400,9995,27583.8379612,2018-01-30,1,30,0,2018
761,1517356800,10099.99,19533.0301972,2018-01-31,1,31,0,2018
762,1517443200,9014.23,38152.3904473,2018-02-01,2,1,0,2018
763,1517529600,8787.52,52037.5523455,2018-02-02,2,2,0,2018
764,1517616000,9240,23684.2943655,2018-02-03,2,3,0,2018
765,1517702400,8167.91,24059.1880243,2018-02-04,2,4,0,2018
766,1517788800,6905.19,59575.3715158,2018-02-05,2,5,0,2018
767,1517875200,7688.46,91890.4957657,2018-02-06,2,6,0,2018
768,1517961600,7575.75,50891.5497299,2018-02-07,2,7,0,2018
769,1518048000,8218.1,31646.9125169,2018-02-08,2,8,0,2018
770,1518134400,8671.01,27554.3219405,2018-02-09,2,9,0,2018
771,1518220800,8547.49,24876.8649133,2018-02-10,2,10,0,2018
772,1518307200,8072.99,16803.7683941,2018-02-11,2,11,0,2018
773,1518393600,8872.28,19717.6202896,2018-02-12,2,12,0,2018
774,1518480000,8520.01,13952.5475481,2018-02-13,2,13,0,2018
775,1518566400,9472.98,24369.2775419,2018-02-14,2,14,0,2018
776,1518652800,10031.23,32371.0569114,2018-02-15,2,15,0,2018
777,1518739200,10167.49,17843.5459078,2018-02-16,2,16,0,2018
778,1518825600,11121.5,20773.7041582,2018-02-17,2,17,0,2018
779,1518912000,10380.04,26974.2741868,2018-02-18,2,18,0,2018
780,1518998400,11140,17633.2567043,2018-02-19,2,19,0,2018
781,1519084800,11235.57,28425.1165662,2018-02-20,2,20,0,2018
782,1519171200,10454.27,30033.2258856,2018-02-21,2,21,0,2018
783,1519257600,9830,28095.8565116,2018-02-22,2,22,0,2018
784,1519344000,10144.99,20776.5361819,2018-02-23,2,23,0,2018
785,1519430400,9688.62,19727.949029,2018-02-24,2,24,0,2018
786,1519516800,9597.99,11707.160671,2018-02-25,2,25,0,2018
787,1519603200,10300,19118.779826,2018-02-26,2,26,0,2018
788,1519689600,10566.57,18216.0184087,2018-02-27,2,27,0,2018
789,1519776000,10307.27,19669.3171154,2018-02-28,2,28,0,2018
790,1519862400,10895.92,15390.5510639,2018-03-01,3,1,0,2018
791,1519948800,11000,13837.3198431,2018-03-02,3,2,0,2018
792,1520035200,11432.5,13198.0180206,2018-03-03,3,3,0,2018
793,1520121600,11469.9,8633.59442682,2018-03-04,3,4,0,2018
794,1520208000,11377.54,11051.4285772,2018-03-05,3,5,0,2018
795,1520294400,10700,18305.5619028,2018-03-06,3,6,0,2018
796,1520380800,9920,32419.5081413,2018-03-07,3,7,0,2018
797,1520467200,9304.9,23318.0024482,2018-03-08,3,8,0,2018
798,1520553600,9255,41955.6692535,2018-03-09,3,9,0,2018
799,1520640000,8795.44,17253.6963226,2018-03-10,3,10,0,2018
800,1520726400,9533.88,21706.7574791,2018-03-11,3,11,0,2018
801,1520812800,9120,21153.8136666,2018-03-12,3,12,0,2018
802,1520899200,9145.41,17189.9752923,2018-03-13,3,13,0,2018
803,1520985600,8207.03,27751.756455,2018-03-14,3,14,0,2018
804,1521072000,8259.99,28012.3126617,2018-03-15,3,15,0,2018
805,1521158400,8275,16964.8567749,2018-03-16,3,16,0,2018
806,1521244800,7865.02,13637.7050852,2018-03-17,3,17,0,2018
807,1521331200,8192,30526.6395128,2018-03-18,3,18,0,2018
808,1521417600,8497.8,3806.14400191,2018-03-19,3,19,0,2018
809,1521504000,8900,20467.3109658,2018-03-20,3,20,0,2018
810,1521590400,8891.81,15736.3555217,2018-03-21,3,21,0,2018
811,1521676800,8715.09,14885.4608085,2018-03-22,3,22,0,2018
812,1521763200,8927.1,15264.2924457,2018-03-23,3,23,0,2018
813,1521849600,8531.34,11863.2488234,2018-03-24,3,24,0,2018
814,1521936000,8453,9048.84917626,2018-03-25,3,25,0,2018
815,1522022400,8145,19389.6629658,2018-03-26,3,26,0,2018
816,1522108800,7793.61,14986.5170036,2018-03-27,3,27,0,2018
817,1522195200,7942.72,10966.69757,2018-03-28,3,28,0,2018
818,1522281600,7079.99,27810.2938059,2018-03-29,3,29,0,2018
819,1522368000,6848.01,29308.5253101,2018-03-30,3,30,0,2018
820,1522454400,6928.5,14951.0494986,2018-03-31,3,31,0,2018
821,1522540800,6816.01,15417.4717761,2018-04-01,4,1,0,2018
822,1522627200,7045.01,14317.1438951,2018-04-02,4,2,0,2018
823,1522713600,7424.9,18923.1635525,2018-04-03,4,3,0,2018
824,1522800000,6791.68,15321.1244787,2018-04-04,4,4,0,2018
825,1522886400,6785.85,14447.3540394,2018-04-05,4,5,0,2018
826,1522972800,6619.01,10707.5890071,2018-04-06,4,6,0,2018
827,1523059200,6894.01,10351.3736739,2018-04-07,4,7,0,2018
828,1523145600,7020.01,6296.83497508,2018-04-08,4,8,0,2018
829,1523232000,6771.13,13950.5126367,2018-04-09,4,9,0,2018
830,1523318400,6824.99,7487.33889104,2018-04-10,4,10,0,2018
831,1523404800,6942.99,8182.99184229,2018-04-11,4,11,0,2018
832,1523491200,7916,31082.70844,2018-04-12,4,12,0,2018
833,1523577600,7893.19,21982.5311841,2018-04-13,4,13,0,2018
834,1523664000,8003.11,9338.02678561,2018-04-14,4,14,0,2018
835,1523750400,8355.25,9899.41206747,2018-04-15,4,15,0,2018
836,1523836800,8048.93,13403.6480035,2018-04-16,4,16,0,2018
837,1523923200,7892.1,10700.3575336,2018-04-17,4,17,0,2018
838,1524009600,8152.05,10850.6713574,2018-04-18,4,18,0,2018
839,1524096000,8274,11936.1296706,2018-04-19,4,19,0,2018
840,1524182400,8866.27,16412.8089924,2018-04-20,4,20,0,2018
841,1524268800,8915.42,12270.6119384,2018-04-21,4,21,0,2018
842,1524355200,8795.01,7802.3963454,2018-04-22,4,22,0,2018
843,1524441600,8931.3,8040.33557959,2018-04-23,4,23,0,2018
844,1524528000,9650,20835.6243673,2018-04-24,4,24,0,2018
845,1524614400,8865.98,31578.1800493,2018-04-25,4,25,0,2018
846,1524700800,9272.11,15215.3868027,2018-04-26,4,26,0,2018
847,1524787200,8922.55,12084.8293894,2018-04-27,4,27,0,2018
848,1524873600,9329.99,8849.3526099,2018-04-28,4,28,0,2018
849,1524960000,9389.01,7937.98641828,2018-04-29,4,29,0,2018
850,1525046400,9243.83,8862.27320109,2018-04-30,4,30,0,2018
